UWI,"Depth subsea, m","MD, m_x","Elev above sea, m","BHT, C",Formation,"Synthetic Temp, C","Static Temp, C","Depth, m","True Temp, C",source,label,"KB Elev, m","TVD, m","MD, m_y","DST BHT, C"
100010107020W500,716.0,1417.0,701.0,48.33,TRmontney,60.97,,,60.97,synthetic,train,701.0,,1417.0,48.33
100010608109W500,1044.4,1690.0,645.6,34.26,Dmuskeg,63.98,,,63.98,synthetic,train,645.6,,1690.0,34.26
100010904012W500,2424.2,3708.0,1283.8,104.4,Melkton,,,,,,not assigned,1283.8,,3602.0,
100011206021W400,171.89999999999998,823.5,651.6,29.0,Dwintrbrn,39.07,,,39.07,synthetic,train,651.6,618.5,618.5,
100011506915W500,936.4,1809.5,873.1,64.0,Dwabamun,69.47,,,69.47,synthetic,train,873.1,,1809.5,64.0
100011804403W500,1065.6,2012.5,946.9,68.0,Mbanff,75.23,,,75.23,synthetic,train,946.9,,1941.5,69.0
100011806718W500,2020.1,2776.5,756.4,93.2,Dswan_hl,94.51,,,94.51,synthetic,train,756.4,,2776.5,93.2
100012306427W500,836.8,1797.0,960.2,48.0,Kdunvegan,67.75,,,67.75,synthetic,train,960.2,,1797.0,48.0
100012404516W502,2333.1,3615.1,1282.0,93.33,Melkton,,,,,,test,1282.0,,2801.4,
100012706026W400,300.9999999999999,951.0999999999999,650.1,23.89,Kellrslie,43.77,,,43.77,synthetic,train,650.1,,737.75,25.56
100012805703W500,533.2,1237.0,703.8,37.0,Kmannvl_L,,,,,,test,703.8,,1237.0,37.0
100012906918W500,714.9,1654.0,939.1,38.89,PRbelloy,71.41,,,71.41,synthetic,train,939.1,,1205.6,40.56
100013603712W500,-267.1500000000001,1039.85,1307.0,26.67,Clynx,,,,,,not assigned,1307.0,1039.85,1043.1999999999998,26.67
100020106719W500,760.9000000000002,1513.8000000000002,752.9,10.0,Kgething,62.82,,,62.82,synthetic,train,752.9,,1513.8000000000002,10.0
100020107808W500,1088.15,1760.25,672.1,20.0,Dgilwood,68.41,,,68.41,synthetic,train,672.1,,1760.25,20.0
100020206322W500,1276.8000000000002,2147.3,870.5,75.56,Kcadomin,82.49,,,82.49,synthetic,train,870.5,,2147.3,75.56
100020206419W500,1742.7999999999997,2496.8999999999996,754.1,82.22,Dwintrbrn,,,,,,test,,,,
100020206508W500,384.6,1248.5,863.9,52.5,Kostracod,55.52,,,55.52,synthetic,train,863.9,,1282.0,53.0
100020403021W400,895.5999999999999,1597.6,702.0,51.11,Dnisku,62.6,,,62.6,synthetic,train,702.0,,1595.95,72.22
100020605904W500,1593.15,2245.75,652.6,78.89,Clynx,,,,,,test,652.6,,1506.75,
100020606216W500,1411.35,2323.35,912.0,77.22,Dwabamun,,,,,,test,912.0,,1601.55,
100020606512W500,1719.7,2763.0,1043.3,81.11,Dswan_hl,102.44,,,102.44,synthetic,train,1043.3,,2763.0,81.11
100020807907W500,1043.0,1702.0,659.0,51.4,Dgilwood,66.16,,,66.16,synthetic,train,659.0,,1702.0,51.4
100021106720W500,917.4499999999999,1687.05,769.6,48.89,TRmontney,69.36,,,69.36,synthetic,train,769.6,,1277.4,
100021306113W500,1774.85,2586.95,812.1,80.3,Dswan_hl,89.84,,,89.84,synthetic,train,812.1,,2586.95,80.3
100021406411W500,1597.7500000000005,2649.3500000000004,1051.6,86.11,Dswan_hl,101.41,,,101.41,synthetic,train,1051.6,,2649.3500000000004,86.11
100021406418W500,1429.85,2250.35,820.5,98.89,Dwabamun,81.52,,,81.52,synthetic,train,820.5,,2250.35,98.89
100021503426W400,43.60000000000002,1020.5,976.9,34.7,Kbelly_rv,,,,,,test,976.9,,1020.5,34.7
100021506315W500,828.3,1768.6,940.3,54.44,Jfernie,71.81,,,71.81,synthetic,train,940.3,,1739.05,
100021506419W500,978.45,1723.95,745.5,50.0,Kgething,68.5,,,68.5,synthetic,train,745.5,,1723.95,50.0
100021506718W500,2006.5,2822.0,815.5,89.3,Dswan_hl,,,,,,test,815.5,,2824.5,90.0
100021708007W500,1015.7,1682.5,666.8,42.4,Dmuskeg,65.56,,,65.56,synthetic,train,666.8,,1682.5,42.4
100021805706W500,663.8499999999999,1395.35,731.5,35.56,Mbanff,54.63,,,54.63,synthetic,train,731.5,,1395.35,35.56
100021806218W500,780.1000000000001,1660.4,880.3,54.44,Kvik_ss,64.7,,,64.7,synthetic,train,880.3,,795.8,
100021806318W500,2277.25,3075.85,798.6,96.11,Dgilwood,,,,,,test,798.6,1519.55,1519.6,54.44
100021906119W500,898.3,1795.6,897.3,58.33,Kviking,70.12,,,70.12,synthetic,train,897.3,,1795.6,58.33
100022005123W400,249.10000000000002,992.0,742.9,39.5,Kvik_ss,,,,,,test,742.9,,992.0,39.5
100022006107W600,2511.6,3573.5,1061.9,118.33,Jnikanssn,,,,,,not assigned,1061.9,,3573.5,118.33
100022007907W500,1036.9,1693.0,656.1,41.6,Dgilwood,65.1,,,65.1,synthetic,train,656.1,,577.25,
100022008108W500,1087.1,1740.5,653.4,50.0,Dkeg_rv,66.98,,,66.98,synthetic,train,653.4,,1663.0,50.0
100022106317W500,2095.5499999999997,3030.95,935.4,96.67,Dbvrhl_lk,106.26,,,106.26,synthetic,train,935.4,,1589.2,
100022208108W500,1113.4,1772.4,659.0,61.11,Dgrn_wash,68.64,,,68.64,synthetic,train,659.0,,1772.4,61.11
100022306625W500,2629.3500000000004,3383.15,753.8,98.89,Dswan_hl,110.08,,,110.08,synthetic,train,753.8,,3383.15,98.89
100022406617W500,715.95,1519.75,803.8,57.78,Kgething,65.02,,,65.02,synthetic,train,803.8,,1478.0,
100022706319W500,1009.2,1805.9,796.7,76.67,Jfernie,70.07,117.6111111,3074.51750161544,117.6111111,static,train,796.7,,1805.9,76.67
100022706625W500,524.2499999999999,1260.35,736.1,42.22,Kdunvegan,,,,,,test,736.1,,1260.35,42.22
100022806320W500,373.5500000000002,1160.5500000000002,787.0,42.22,Kcard_ss,43.8,,,43.8,synthetic,train,787.0,,1578.3000000000002,58.89
100022806419W500,666.3,1412.1,745.8,48.89,Kmannvl,55.9,111.0555556,2945.2823057509663,111.0555556,static,train,745.8,,1412.1,48.89
100023008008W500,1133.9,1797.4,663.5,43.33,preCamb,69.18,,,69.18,synthetic,train,663.5,,1703.2,
100023206413W500,1704.6,2871.5,1166.9,94.6,Dswan_hl,108.51,,,108.51,synthetic,train,,,,
100023206414W500,668.6499999999999,1744.85,1076.2,65.56,Kgething,71.67,,,71.67,synthetic,train,1076.2,,1744.85,65.56
100023303322W400,468.64999999999986,1315.35,846.7,47.78,Kvik_ss,51.39,,,51.39,synthetic,train,846.7,,1315.35,47.78
100023306507W500,1408.05,2260.25,852.2,70.0,Dmuskeg,84.49,,,84.49,synthetic,train,852.2,,2260.25,70.0
100023407808W500,1084.65,1740.25,655.6,49.0,Dmuskeg,,,,,,test,655.6,,1740.25,49.0
100023506212W500,1654.3,2694.0,1039.7,60.0,Dswan_hl,98.77,,,98.77,synthetic,train,1039.7,,2694.0,60.0
100023506213W500,1725.5500000000002,2731.65,1006.1,90.56,Dswan_hl,99.86,,,99.86,synthetic,train,,,,
100023608010W500,1060.5,1721.5,661.0,49.86,Dmuskeg,64.9,,,64.9,synthetic,train,661.0,,1721.5,49.86
100030906512W500,1713.3,2714.5,1001.2,30.56,Dwatt_mtn,,,,,,test,1001.2,,2714.5,30.56
100031204517W500,2485.7,3663.0,1177.3,97.1,Kcadomin,,,,,,not assigned,,,,
100031305615W500,943.6000000000001,1824.8000000000002,881.2,53.89,Kvik_ss,,,,,,test,881.2,,2097.15,
100031508009W500,1129.8,1781.0,651.2,44.0,Dgrn_wash,,,,,,test,651.2,,1723.0,52.0
100032106921W500,822.05,1475.25,653.2,47.78,TRmontney,61.69,,,61.69,synthetic,train,653.2,,1475.25,47.78
100032205219W500,1159.7,2148.5,988.8,41.0,Kcardium,,,,,,test,988.8,,2148.5,41.0
100032206603W600,852.5,1637.5,785.0,46.0,Kdunvegan,62.96,,,62.96,synthetic,train,785.0,,1637.5,46.0
100032405416W500,1338.8000000000002,2192.3,853.5,78.3,Kostracod,78.41,,,78.41,synthetic,train,853.5,2192.3,2193.0,78.3
100032506117W500,986.6,1911.7,925.1,57.22,Kgething,,,,,,test,925.1,,1648.5,
100032604920W500,993.8,2137.5,1143.7,60.5,Kbelly_rv,70.51,,,70.51,synthetic,train,,,,
100033006726W500,2761.2999999999997,3523.7,762.4,80.0,Dslave_pt,114.42,,,114.42,synthetic,train,762.4,2224.7,2226.0,
100033008009W500,1074.75,1729.75,655.0,48.89,Dmuskeg,65.05,,,65.05,synthetic,train,655.0,,1729.75,48.89
100033206015W500,988.6000000000001,1754.9,766.3,68.33,Jfernie,69.2,,,69.2,synthetic,train,766.3,,1754.9,68.33
100033206322W500,1239.1,2066.5,827.4,72.3,Kcadomin,79.32,,,79.32,synthetic,train,827.4,,1969.0,
100040206609W500,427.8000000000002,1451.3000000000002,1023.5,49.44,Kmannvl,63.48,,,63.48,synthetic,train,1023.5,,1451.3000000000002,49.44
100040207011W500,1449.1499999999999,2394.95,945.8,66.11,Dwatt_mtn,89.78,,,89.78,synthetic,train,945.8,,2394.95,66.11
100040306718W500,2019.9,2832.5,812.6,96.67,Dswan_hl,97.76,,,97.76,synthetic,train,812.6,,2832.5,96.67
100040403610W500,-542.3000000000001,993.4,1535.7,22.0,Dnisku,,,,,,not assigned,1535.7,834.5,835.0,20.0
100040506215W500,878.6,1832.5,953.9,61.0,Kgething,,,,,,test,953.9,,1832.5,61.0
100040705920W400,183.9000000000001,822.2,638.3,28.89,Dwabamun,38.36,,,38.36,synthetic,train,638.3,,822.2,28.89
100040706512W500,1715.7500000000002,2766.05,1050.3,81.11,Dswan_hl,102.66,,,102.66,synthetic,train,,,,
100040706523W500,2593.5499999999997,3463.45,869.9,103.33,Dswan_hl,110.37,,,110.37,synthetic,train,869.9,,3464.05,103.33
100040808007W500,1022.4,1687.5,665.1,39.1,Dgilwood,,,,,,test,,,,
100040907910W500,1194.5,1842.5,648.0,57.0,preCamb,68.46,,,68.46,synthetic,train,648.0,,1772.5,57.0
100041007824W500,290.85,674.25,383.4,35.0,Kbluesky,33.91,,,33.91,synthetic,train,383.4,,674.25,35.0
100041106519W500,863.6499999999999,1657.35,793.7,28.89,Kbluesky,66.52,,,66.52,synthetic,train,793.7,,1422.8000000000002,52.22
100041206410W500,502.0,1474.0,972.0,33.33,Kglauc_ss,65.49,,,65.49,synthetic,train,972.0,,1525.5500000000002,57.78
100041206613W500,1704.0,2849.5,1145.5,91.4,Dswan_hl,106.14,,,106.14,synthetic,train,1145.5,,2867.0,
100041206926W500,2525.0,3273.0,748.0,90.0,Dbvrhl_lk,105.14,,,105.14,synthetic,train,748.0,,3273.0,90.0
100041407808W500,1074.4499999999998,1743.4499999999998,669.0,56.67,Dgilwood,67.08,,,67.08,synthetic,train,669.0,,1743.4499999999998,56.67
100041603305W500,1685.1,2832.1,1147.0,78.33,KblairmrL,99.41,,,99.41,synthetic,train,1147.0,2832.1,2832.4,78.33
100041606219W500,1067.25,1941.45,874.2,70.0,Kgething,74.67,,,74.67,synthetic,train,874.2,,1691.65,
100041706214W500,1876.45,2833.25,956.8,84.44,Dswan_hl,101.5,,,101.5,synthetic,train,,,,
100041708009W500,1079.9499999999998,1729.4499999999998,649.5,64.44,Dmuskeg,65.12,,,65.12,synthetic,train,649.5,1729.4499999999998,1758.1999999999998,64.44
100041806523W500,332.19999999999993,1193.6,861.4,43.33,Kcard_ss,45.08,,,45.08,synthetic,train,861.4,,1193.6,43.33
100041903905W500,500.44999999999993,1470.05,969.6,48.89,Kbelly_rv,50.22,,,50.22,synthetic,train,969.6,,1470.05,48.89
100042103812W500,2470.0999999999995,4113.9,1643.8,79.44,Kostracod,,,,,,not assigned,1643.8,,2771.55,83.33
100042108108W500,1090.4,1748.8000000000002,658.4,48.89,Dkeg_rv,68.02,,,68.02,synthetic,train,658.4,,1665.9,
100042203707W500,1209.4499999999996,2254.6499999999996,1045.2,65.56,Kcard_ss,77.15,,,77.15,synthetic,train,1045.2,2254.65,2254.95,65.56
100042206623W500,1244.05,2078.85,834.8,91.11,PRbelloy,,,,,,test,834.8,,1971.8,
100042206918W500,573.6499999999999,1486.85,913.2,48.89,Kgething,,,,,,test,913.2,,1249.1,
100042304007W500,994.5500000000001,1976.95,982.4,54.44,Kcard_ss,67.98,,,67.98,synthetic,train,982.4,,1976.95,54.44
100042606601W600,1612.4,2431.0,818.6,75.5,PRbelloy,94.96,,,94.96,synthetic,train,818.6,,2431.0,75.5
100042608008W500,1030.9499999999998,1694.85,663.9,43.89,Dmuskeg,,,,,,test,663.9,,1694.85,43.89
100042706322W500,434.20000000000005,1272.7,838.5,37.78,Kcard_ss,,,,,,test,838.5,,1272.7,37.78
100042803323W400,723.2,1568.0,844.8,54.8,Mbanff,62.51,,,62.51,synthetic,train,,,,
100042808108W500,1015.45,1664.95,649.5,44.44,Dmuskeg,,,,,,test,649.5,,1664.95,44.44
100043008007W500,1019.65,1688.25,668.6,45.0,Dgilwood,65.74,,,65.74,synthetic,train,668.6,,1688.25,45.0
100043106509W500,1489.0000000000002,2512.8,1023.8,85.0,Dswan_hl,95.03,,,95.03,synthetic,train,1023.8,,2512.8,85.0
100043107019W500,1950.1000000000001,2717.3,767.2,71.11,Dswan_hl,,,,,,test,767.2,,1306.35,
100043206618W500,2109.65,2871.65,762.0,71.11,Dgilwood,97.52,,,97.52,synthetic,train,762.0,2803.0,2804.6000000000004,68.33
100043306616W500,639.7,1494.5,854.8,60.6,Kgething,64.11,,,64.11,synthetic,train,854.8,,1494.5,60.6
100043406718W500,1440.35,2214.85,774.5,65.56,Dwabamun,,,,,,test,774.5,,2221.05,76.67
100043505018W500,2253.6,3256.0,1002.4,99.2,Mbanff,,,,,,test,1002.4,,3256.0,99.2
100043506919W500,1918.3000000000002,2757.4,839.1,66.0,Dswan_hl,96.82,,,96.82,synthetic,train,839.1,1544.9,1545.0,
100043606507W500,1386.2500000000002,2194.55,808.3,66.67,Dmuskeg,82.91,,,82.91,synthetic,train,808.3,,2194.55,66.67
100050506418W500,661.8500000000001,1454.65,792.8,50.0,Kcadotte,56.66,92.77777778,2529.8399190451228,92.77777778,static,train,792.8,,1454.65,50.0
100050705624W502,1199.4,2303.0,1103.6,47.9,Kbadheart,,,,,,test,,,,
100050806905W600,2627.95,3288.15,660.2,78.33,Dwintrbrn,,,,,,test,660.2,,3268.85,81.11
100051006826W500,981.5,1669.5,688.0,51.8,Kbluesky,67.28,,,67.28,synthetic,train,688.0,,1669.5,51.8
100052107723W500,600.1,1158.5,558.4,37.7,Mdebolt,,,,,,test,,,,
100052206625W500,801.2,1571.0,769.8,51.7,Kspirit_r,,,,,,test,769.8,,1571.0,51.7
100053106213W500,837.4,1728.0,890.6,69.0,Mshunda,70.32,,,70.32,synthetic,train,890.6,,1728.0,69.0
100053106224W500,1631.2,2528.0,896.8,84.2,TRmontney,96.43,,,96.43,synthetic,train,896.8,,2528.0,84.2
100053106506W500,488.85,1285.95,797.1,40.56,Dwabamun,,,,,,test,797.1,,1157.3,43.33
100053408009W500,1104.6,1752.5,647.9,44.0,Dkeg_rv,66.18,,,66.18,synthetic,train,647.9,,1750.5,44.0
100053606118W500,1026.7,1896.0,869.3,42.0,Kgething,73.33,,,73.33,synthetic,train,869.3,,1446.0,
100060106315W500,902.3500000000001,1816.15,913.8,46.67,Mshunda,,,,,,test,913.8,,1816.15,46.67
100060305107W500,969.8500000000001,1794.0500000000002,824.2,33.33,Jpokerchp,67.15,,,67.15,synthetic,train,824.2,,1738.0,
100060306506W500,173.14999999999998,954.05,780.9,34.44,Kmannvl,,,,,,test,780.9,,915.9,
100060404101W500,956.75,1845.55,888.8,61.11,Kmannvl,70.18,,,70.18,synthetic,train,888.8,,1055.5,
100060505514W500,1011.35,1824.25,812.9,59.44,Kvik_ss,,,,,,test,812.9,,2075.65,
100060506322W500,508.35,1389.25,880.9,37.78,Kcard_ss,50.4,,,50.4,synthetic,train,880.9,,2200.65,74.44
100060603720W400,782.45,1627.65,845.2,60.0,Dnisku,64.5,,,64.5,synthetic,train,845.2,,1627.65,60.0
100060605514W500,2267.5999999999995,3125.8999999999996,858.3,139.44,Dswan_hl,,,,,,test,858.3,,3125.9,139.44
100060606219W500,2345.9,3216.4,870.5,135.56,Dswan_hl,106.13,,,106.13,synthetic,train,870.5,,3216.4,135.56
100060606515W500,825.1,1844.5,1019.4,59.4,Mshunda,73.61,,,73.61,synthetic,train,1019.4,,1746.25,67.0
100060608108W500,1093.9,1745.0,651.1,45.0,Dkeg_rv,67.53,,,67.53,synthetic,train,651.1,,1675.0,
100060706022W500,2137.3,3244.3,1107.0,95.0,Dwabamun,114.53,,,114.53,synthetic,train,1107.0,1828.75,1828.8,
100060805217W500,1465.2000000000003,2429.3,964.1,77.22,Kmannvl,83.67,,,83.67,synthetic,train,964.1,,2429.3,77.22
100060807808W500,-66.60000000000002,600.5,667.1,58.9,Mpekisko,32.52,,,32.52,synthetic,train,667.1,,600.5,58.9
100060905918W500,1250.1499999999999,2324.85,1074.7,77.78,Kgething,86.74,95.0,1043.939966593921,95.0,static,train,1074.7,,2324.85,77.78
100061004119W400,304.9499999999998,1091.9499999999998,787.0,42.22,Kviking,46.31,,,46.31,synthetic,train,787.0,,1093.65,42.22
100061005216W500,1642.6,2595.7,953.1,66.11,Jrock_ck,91.8,,,91.8,synthetic,train,953.1,,2595.7,66.11
100061006117W500,1034.3500000000001,1865.5500000000002,831.2,52.22,Kgething,73.47,,,73.47,synthetic,train,831.2,,1862.5,
100061103324W400,1471.6,2383.0,911.4,72.0,Dbvrhl_lk,85.98,,,85.98,synthetic,train,911.4,,2383.0,72.0
100061106926W500,2517.6,3220.0,702.4,108.0,Dbvrhl_lk,,,,,,test,702.4,,3217.25,
100061204211W500,2055.1000000000004,3084.1000000000004,1029.0,89.44,Mpekisko,,,,,,test,1029.0,,1407.9,
100061305216W500,2148.6,3095.0,946.4,84.0,Dbluerdge,102.09,117.0,3676.9997927360064,117.0,static,train,,,,
100061306018W500,859.3499999999999,1701.85,842.5,48.89,Kvik_ss,62.54,,,62.54,synthetic,train,842.5,,1701.85,48.89
100061307518W500,235.35000000000002,866.75,631.4,35.5,Kgething,42.39,,,42.39,synthetic,train,631.4,,866.75,35.5
100061403127W400,1329.3999999999999,2259.6,930.2,64.5,Dstettler,80.18,,,80.18,synthetic,train,930.2,1662.7,1663.0,30.0
100061404814W400,14.399999999999977,704.0,689.6,29.0,Kvik_ss,32.61,,,32.61,synthetic,train,689.6,,282.4,
100061406920W500,775.4,1484.0,708.6,55.7,TRmontney,62.95,,,62.95,synthetic,train,708.6,,1484.0,55.7
100061408009W500,1073.6,1723.5,649.9,42.0,Dgilwood,64.85,,,64.85,synthetic,train,649.9,,1723.5,42.0
100061504803W500,105.15000000000009,967.45,862.3,29.44,Kbsbrv_ss,35.17,,,35.17,synthetic,train,862.3,,967.45,29.44
100061605518W500,1781.85,2758.45,976.6,71.67,Mbanff,98.02,,,98.02,synthetic,train,976.6,,1828.35,
100061608009W500,1137.0,1790.0,653.0,46.0,Dkeg_rv,68.02,,,68.02,synthetic,train,653.0,,1790.0,46.0
100061706804W600,1799.1000000000001,2485.8,686.7,77.78,PRbelloy,95.07,104.4444444,3307.0798941734433,104.4444444,static,train,686.7,,2485.8,77.78
100061805414W500,1689.05,2549.75,860.7,83.1,Dwabamun,86.37,,,86.37,synthetic,train,860.7,,2549.75,83.1
100062005015W500,2278.4,3291.5,1013.1,106.67,Dnisku,106.62,,,106.62,synthetic,train,1013.1,3291.5,3292.6,106.67
100062007823W500,1298.1,1859.0,560.9,18.0,Dwabamun,66.22,,,66.22,synthetic,train,560.9,,880.7,31.0
100062105118W500,2057.5,3062.5,1005.0,103.0,Melkton,104.15,,,104.15,synthetic,train,1005.0,,2828.0,
100062106425W500,1233.5,2081.9,848.4,66.1,Kbluesky,,,,,,test,848.4,,2081.9,66.1
100062203325W400,802.6,1730.5,927.9,55.6,Mpekisko,66.8,,,66.8,synthetic,train,,,,
100062303619W400,401.1500000000001,1280.15,879.0,38.89,Kmannvl,,,,,,test,879.0,,1280.15,38.89
100062306318W500,2150.2,2956.4,806.2,88.89,Dswan_hl,100.23,,,100.23,synthetic,train,806.2,,2929.6000000000004,96.11
100062307218W500,506.85,1222.25,715.4,35.0,PRbelloy,56.71,,,56.71,synthetic,train,715.4,,998.2,
100062406517W500,1286.0,2230.5,944.5,75.0,Dwabamun,83.02,,,83.02,synthetic,train,944.5,,1745.75,
100062506412W500,557.5999999999999,1587.0,1029.4,57.3,Kgething,69.18,,,69.18,synthetic,train,,,,
100062604715W500,2022.5000000000005,3198.1000000000004,1175.6,79.44,Melkton,112.29,,,112.29,synthetic,train,1175.6,,2977.9,
100062605918W500,1208.1,2116.1,908.0,75.56,Jfernie,79.04,,,79.04,synthetic,train,,,,
100062705713W500,1045.1,1809.2,764.1,98.0,Jpokerchp,70.03,,,70.03,synthetic,train,764.1,,1809.2,98.0
100062804714W500,557.8,1689.2,1131.4,48.33,Kbelly_rv,58.36,,,58.36,synthetic,train,1131.4,,1689.2,48.33
100062904514W500,2126.7000000000003,3281.8,1155.1,102.2,Mshunda,111.57,,,111.57,synthetic,train,1155.1,1975.25,1975.25,
100062904601W500,70.10000000000002,954.5,884.4,32.5,Kbelly_rv,,,,,,test,884.4,,910.0,32.7
100062905416W500,792.0,1712.5,920.5,43.33,Kcard_ss,60.46,,,60.46,synthetic,train,920.5,,1712.5,43.33
100062905913W500,1966.3000000000002,2787.4,821.1,84.44,Dswan_hl,,,,,,test,821.1,,2799.9,
100062906118W500,813.6,1785.5,971.9,69.0,Kviking,68.03,,,68.03,synthetic,train,971.9,,1785.5,69.0
100063007223W500,207.5,993.0,785.5,34.17,Kpeace_rv,45.69,,,45.69,synthetic,train,785.5,,993.0,34.17
100063008009W500,1096.8,1752.6,655.8,43.9,preCamb,66.76,,,66.76,synthetic,train,655.8,1720.65,1721.0,48.9
100063104713W500,2355.7000000000003,3406.3,1050.6,118.33,Dnisku,112.56,,,112.56,synthetic,train,,,,
100063205214W500,1517.25,2449.35,932.1,106.11,Mshunda,88.71,,,88.71,synthetic,train,932.1,,2449.35,106.11
100063206123W500,1455.3000000000004,2511.1000000000004,1055.8,29.44,Kgething,95.74,,,95.74,synthetic,train,1055.8,,3775.85,
100063306117W500,768.7000000000002,1675.8000000000002,907.1,33.33,Kmannvl,65.28,,,65.28,synthetic,train,907.1,,1664.4,
100063306217W500,1036.9499999999998,1938.85,901.9,65.56,TRmontney,,,,,,test,901.9,,1821.65,75.56
100063405415W500,698.8999999999999,1558.1,859.2,57.22,Kcard_ss,54.65,,,54.65,synthetic,train,,,,
100063504615W400,506.0,1216.5,710.5,44.0,Dduvernay,,,,,,test,710.5,,757.5,
100063506018W500,1103.5,2048.1,944.6,61.67,Kgething,79.18,,,79.18,synthetic,train,944.6,,2048.1,61.67
100063507018W500,488.95000000000005,1279.25,790.3,40.0,Kgething,56.5,,,56.5,synthetic,train,790.3,,2624.3,
100063605819W500,1317.2999999999997,2363.7,1046.4,72.78,Kgething,91.24,,,91.24,synthetic,train,1046.4,,2366.3,72.78
100063606213W500,1730.6999999999998,2717.6,986.9,87.78,Dswan_hl,,,,,,test,986.9,,2717.6,87.78
100063606312W500,358.75,1488.95,1130.2,42.78,Kbfs,62.06,,,62.06,synthetic,train,1130.2,,1488.95,45.56
100063606625W500,1201.7,1950.0,748.3,62.2,TRmontney,77.12,,,77.12,synthetic,train,748.3,,1950.0,62.2
100070104103W500,1781.7999999999997,2766.7,984.9,75.0,Dduvernay,,,,,,test,984.9,2296.4,2296.5,67.0
100070104810W500,820.9,1732.5,911.6,43.3,Kcard_ss,60.85,,,60.85,synthetic,train,911.6,,1732.5,43.3
100070206217W500,1075.3,1969.0,893.7,72.22,TRmontney,77.82,,,77.82,synthetic,train,893.7,,1615.1,
100070404912W500,2732.8500000000004,3718.55,985.7,78.33,Clynx,118.63,,,118.63,synthetic,train,,,,
100070505818W500,1402.4,2455.5,1053.1,84.2,Jnordegg,96.86,,,96.86,synthetic,train,1053.1,,2455.5,84.2
100070507708W500,-34.40000000000009,684.3,718.7,30.56,Mpekisko,,,,,,test,718.7,,684.3,30.56
100070606504W500,310.79999999999995,1012.0999999999999,701.3,39.44,Mbanff,45.59,,,45.59,synthetic,train,701.3,,1012.1,39.44
100070706116W500,997.7500000000001,1867.65,869.9,58.89,Kgething,,,,,,test,869.9,,1858.2,61.11
100070706314W500,1401.2,2329.0,927.8,54.44,Dwintrbrn,84.82,,,84.82,synthetic,train,927.8,,1474.4499999999998,55.56
100070906818W500,687.1,1498.5,811.4,61.2,Kgething,63.61,,,63.61,synthetic,train,811.4,,1498.5,61.2
100070907618W500,326.0,953.0,627.0,31.0,PRbelloy,46.39,,,46.39,synthetic,train,627.0,,903.0,32.3
100071005813W500,1460.0500000000002,2205.55,745.5,58.89,Dwabamun,79.65,,,79.65,synthetic,train,745.5,,1493.85,
100071106425W500,1459.8500000000004,2323.3500000000004,863.5,49.44,TRmontney,87.47,,,87.47,synthetic,train,863.5,,2137.1,49.44
100071306526W500,1013.5,1823.5,810.0,59.4,Kspirit_r,72.92,,,72.92,synthetic,train,810.0,,1745.5,59.6
100071406218W500,1001.8499999999998,1901.9499999999998,900.1,70.0,Kgething,73.83,,,73.83,synthetic,train,900.1,,1901.95,70.0
100071406220W500,834.8499999999999,1703.55,868.7,54.44,Kviking,64.91,90.55555556,2930.9567062093856,90.55555556,static,train,868.7,,2098.4,73.89
100071406317W500,1023.0,2061.5,1038.5,42.78,Mdebolt,,,,,,test,1038.5,,2061.5,42.78
100071505518W500,1570.6,2540.5,969.9,77.78,Jnordegg,93.47,,,93.47,synthetic,train,969.9,,2540.5,77.78
100071606217W500,1071.85,1981.35,909.5,64.44,TRmontney,,,,,,test,909.5,,1981.35,64.44
100071606224W500,1096.55,2138.35,1041.8,61.11,Kspirit_r,80.03,,,80.03,synthetic,train,1041.8,,1661.75,
100071906101W500,382.79999999999995,1023.0,640.2,17.1,Kellrslie,45.33,,,45.33,synthetic,train,640.2,,1023.0,17.1
100072103910W500,2224.15,3413.75,1189.6,107.22,Mshunda,118.23,,,118.23,synthetic,train,1189.6,,3413.75,107.22
100072106223W500,1312.0499999999997,2222.45,910.4,48.89,Kgething,86.88,,,86.88,synthetic,train,910.4,,2222.45,48.89
100072206324W500,795.2,1651.7,856.5,42.22,Kdunvegan,61.78,,,61.78,synthetic,train,856.5,,2218.65,68.89
100072206419W500,908.25,1654.75,746.5,37.78,Kbluesky,,,,,,test,746.5,,1027.75,
100072304811W400,-64.04999999999995,646.1500000000001,710.2,23.33,Kvik_ss,31.92,,,31.92,synthetic,train,710.2,,646.1500000000001,23.33
100072504012W500,2697.45,3901.1499999999996,1203.7,117.22,Dwabamun,,,,,,not assigned,1203.7,,3487.65,
100072504410W500,2137.25,3127.05,989.8,75.0,Direton,102.27,,,102.27,synthetic,train,989.8,3127.05,3127.5,75.0
100072507623W500,1942.8,2498.5,555.7,81.0,Dgilwood,82.04,,,82.04,synthetic,train,555.7,,2462.0,82.0
100072605920W500,640.9999999999998,1650.1999999999998,1009.2,49.44,Kcard_ss,62.77,,,62.77,synthetic,train,1009.2,,2355.3500000000004,104.44
100072706318W500,1684.7999999999997,2472.2,787.4,86.7,Dwintrbrn,,,,,,test,787.4,1866.5,1866.5,70.3
100072706626W500,2770.3,3562.5,792.2,78.6,Dgilwood,114.87,,,114.87,synthetic,train,792.2,,3441.5,87.0
100072805217W500,2787.6500000000005,3724.3500000000004,936.7,164.44,Delk_pt,,,,,,test,936.7,,3724.35,164.44
100072907222W500,1713.8000000000002,2434.3,720.5,68.89,Dnisku,85.62,,,85.62,synthetic,train,720.5,,2434.3,68.89
100073005022W400,237.69999999999993,1003.4,765.7,40.0,Kvik_ss,43.12,,,43.12,synthetic,train,765.7,,1104.75,
100073008009W500,1109.3,1761.5,652.2,45.0,preCamb,66.65,,,66.65,synthetic,train,652.2,,1761.5,45.0
100073207810W500,1104.75,1758.25,653.5,48.89,Dslave_pt,65.58,,,65.58,synthetic,train,653.5,982.9,982.95,
100073306319W500,965.8999999999999,1758.6999999999998,792.8,65.56,Kbluesky,69.18,,,69.18,synthetic,train,792.8,,1758.6999999999998,65.56
100073405315W500,1423.4,2327.5,904.1,85.5,Jnordegg,84.47,,,84.47,synthetic,train,904.1,,2246.0,
100073506014W500,658.6500000000001,1445.65,787.0,41.11,Kmannvl,58.27,,,58.27,synthetic,train,787.0,,1445.65,41.11
100073606118W500,2221.65,3102.25,880.6,91.11,Dswan_hl,105.45,,,105.45,synthetic,train,880.6,,3102.25,91.11
100080903909W500,2428.6499999999996,3582.95,1154.3,91.67,Dwabamun,,,,,,test,,,,
100080907321W500,466.79999999999995,1128.5,661.7,42.6,Kgething,51.95,,,51.95,synthetic,train,661.7,,1128.5,42.6
100081504804W500,730.9499999999999,1588.35,857.4,54.44,Kvik_ss,61.93,60.0,,60.0,static,train,857.4,,722.8499999999999,
100081805214W500,1181.3,2142.0,960.7,55.9,Kvik_ss,76.67,,,76.67,synthetic,train,960.7,,2142.0,55.9
100082003821W400,1102.2,1910.5,808.3,65.56,Dcook_lk,71.95,,,71.95,synthetic,train,808.3,,1382.6,
100082304316W400,327.6,1056.0,728.4,36.0,Kellrslie,46.33,,,46.33,synthetic,train,728.4,,1010.0,36.0
100082304316W500,1622.8000000000004,2901.1000000000004,1278.3,19.0,Kblkstn,,,,,,not assigned,,,,
100083005205W500,771.6,1576.0,804.4,43.0,Kglauc_ss,62.68,,,62.68,synthetic,train,804.4,,1576.0,43.0
100083303122W400,1335.8,2175.1,839.3,67.2,Dbvrhl_lk,,,,,,test,839.3,,2175.1,67.2
100083305512W500,804.7499999999999,1677.35,872.6,51.11,Kvik_ss,62.33,,,62.33,synthetic,train,872.6,,1677.35,51.11
100083403425W400,40.799999999999955,984.5,943.7,34.0,Kpakowki,,,,,,test,943.7,,984.5,34.0
100090107716W500,-233.64999999999998,474.75,708.4,26.67,Kpaddy,24.83,,,24.83,synthetic,train,708.4,,348.25,28.89
100090605211W500,695.9999999999999,1636.6,940.6,56.11,Kcard_ss,,,,,,test,940.6,,1636.6,56.11
100091703425W400,810.3500000000001,1720.15,909.8,65.56,Mbanff,67.2,,,67.2,synthetic,train,909.8,1502.0,1502.1,
100091804909W500,722.1,1649.0,926.9,29.7,Kcard_ss,58.32,,,58.32,synthetic,train,,,,
100092206315W500,802.3499999999999,1754.55,952.2,75.56,Jfernie,72.17,,,72.17,synthetic,train,952.2,1754.55,1754.75,75.56
100092304214W400,100.70000000000005,799.1,698.4,32.0,Kviking,35.88,,,35.88,synthetic,train,698.4,,799.1,32.0
100092508109W500,1075.85,1727.75,651.9,45.6,Dkeg_rv,,,,,,test,651.9,,1727.75,45.6
100092905518W500,1517.8000000000002,2575.8,1058.0,57.6,Jfernie,94.0,,,94.0,synthetic,train,1058.0,1891.4,1891.5,65.7
100092906515W500,674.8,1621.5,946.7,60.7,Kgething,69.31,,,69.31,synthetic,train,946.7,,1621.5,60.7
100092906917W500,728.4,1562.0,833.6,57.2,Mshunda,67.28,,,67.28,synthetic,train,833.6,,1475.0,57.2
100093305512W500,1037.95,1914.25,876.3,50.0,Jpokerchp,72.87,,,72.87,synthetic,train,876.3,,1914.25,50.0
100093308009W500,1054.65,1699.75,645.1,50.0,Dgilwood,,,,,,test,645.1,,1699.75,51.0
100093405314W500,860.5,1737.0,876.5,59.8,K2nd_ws,,,,,,test,876.5,,1737.0,59.8
100093405315W500,762.55,1661.75,899.2,44.44,Kcard_ss,,,,,,test,899.2,,2223.8500000000004,
100100105619W500,1650.2500000000002,2760.55,1110.3,84.6,Mshunda,101.99,,,101.99,synthetic,train,,,,
100100106518W500,438.0000000000002,1240.8000000000002,802.8,44.44,K2nd_ws,50.66,,,50.66,synthetic,train,802.8,,1240.8000000000002,44.44
100100106619W500,784.5999999999999,1642.6,858.0,53.33,Kmannvl,,,,,,test,858.0,,1388.4,
100100205918W500,2356.3999999999996,3313.2,956.8,82.22,Dbvrhl_lk,114.45,,,114.45,synthetic,train,956.8,,3313.2,82.22
100100206624W500,1152.4999999999998,2049.2,896.7,53.33,Kcadomin,81.59,,,81.59,synthetic,train,896.7,,1449.0,
100100206721W500,975.95,1723.65,747.7,74.44,TRmontney,,,,,,test,747.7,,1584.2,
100100405415W500,750.9999999999999,1640.1,889.1,53.33,Kcard_ss,,,,,,test,889.1,,1639.55,60.0
100100406315W500,916.9499999999998,1906.9499999999998,990.0,51.11,PRbelloy,77.74,,,77.74,synthetic,train,990.0,,1595.3,
100100506523W500,814.6000000000001,1609.8000000000002,795.2,58.89,Kpeace_rv,,,,,,test,,,,
100100606117W500,1751.35,2694.45,943.1,76.67,Dwintrbrn,94.01,,,94.01,synthetic,train,943.1,,2023.0,
100100606917W500,593.8000000000001,1516.4,922.6,52.78,Kgething,68.33,,,68.33,synthetic,train,922.6,,1516.4,52.78
100100704717W500,1536.1499999999999,2782.95,1246.8,24.0,Kcard_ss,96.02,,,96.02,synthetic,train,1246.8,,2782.95,24.0
100100706017W500,2282.6,3087.6,805.0,90.56,Dswan_hl,103.78,,,103.78,synthetic,train,805.0,,2607.4,
100100805919W500,1110.4,2021.4,911.0,69.44,Kmannvl,73.05,,,73.05,synthetic,train,911.0,,2021.4,69.44
100100806620W500,1704.9,2446.8,741.9,68.33,Dwabamun,85.96,,,85.96,synthetic,train,741.9,,2446.8,68.33
100100808007W500,1018.1999999999999,1681.1,662.9,43.9,Dmuskeg,65.46,,,65.46,synthetic,train,662.9,,1681.05,44.1
100100905816W500,752.0500000000001,1766.15,1014.1,43.89,K2nd_ws,70.74,,,70.74,synthetic,train,1014.1,,1766.15,43.89
100100906223W500,2248.4,3233.5,985.1,87.37,Dwintrbrn,110.39,,,110.39,synthetic,train,985.1,,3233.5,87.37
100100906321W500,2025.5999999999997,2833.8999999999996,808.3,82.22,Dwintrbrn,95.57,,,95.57,synthetic,train,808.3,,2833.9,82.22
100101007809W500,-33.5,629.4,662.9,37.78,Mpekisko,32.59,,,32.59,synthetic,train,662.9,,629.4,37.78
100101105718W500,683.6500000000001,2004.0500000000002,1320.4,58.89,Kcard_ss,,,,,,test,1320.4,,2004.05,58.89
100101106519W500,1618.4499999999998,2430.45,812.0,80.0,Dwabamun,,,,,,test,812.0,,2430.45,80.0
100101106622W500,662.0,1395.7,733.7,49.44,Kmannvl,56.42,,,56.42,synthetic,train,733.7,,1395.7,49.44
100101205418W500,889.6500000000001,1858.65,969.0,53.89,Kcardium,,,,,,test,969.0,,1889.15,54.44
100101206315W500,1875.0,2790.0,915.0,99.5,Dswan_hl,97.46,,,97.46,synthetic,train,915.0,,2790.0,99.5
100101206413W500,610.5,1747.1,1136.6,35.0,Kglauc_ss,74.49,,,74.49,synthetic,train,,,,
100101207121W500,222.44999999999993,880.8499999999999,658.4,38.89,Kpeace_rv,,,,,,test,658.4,,880.8499999999999,38.89
100101304315W500,1677.5500000000002,2906.55,1229.0,83.33,Kcard_ss,,,,,,not assigned,1229.0,,2890.55,
100101306920W500,671.35,1398.25,726.9,48.89,Jfernie,60.32,,,60.32,synthetic,train,726.9,,1363.95,54.44
100101405416W500,780.7500000000001,1622.65,841.9,49.44,Kcard_ss,,,,,,test,841.9,1622.65,1622.75,49.44
100101406216W500,639.5999999999999,1610.1,970.5,51.11,Kviking,64.57,,,64.57,synthetic,train,970.5,,1610.1,51.11
100101406819W500,1980.5999999999997,2840.3999999999996,859.8,95.0,Dbvrhl_lk,99.64,,,99.64,synthetic,train,859.8,,2840.4,95.0
100101408109W502,-120.70000000000005,526.0999999999999,646.8,31.11,Mpekisko,,,,,,test,646.8,,526.0999999999999,31.11
100101503821W400,375.85,1195.45,819.6,35.0,Kvik_ss,50.08,,,50.08,synthetic,train,819.6,,1195.45,35.0
100101505918W500,2372.8500000000004,3420.15,1047.3,86.67,Dswan_hl,112.44,,,112.44,synthetic,train,1047.3,,3420.15,86.67
100101506315W500,794.2499999999999,1744.35,950.1,65.56,Kgething,,,,,,test,950.1,,1744.35,65.56
100101506609W500,1449.6999999999998,2493.6,1043.9,85.56,Dswan_hl,96.24,,,96.24,synthetic,train,1043.9,,2493.6,85.56
100101506718W500,2026.9,2840.4,813.5,92.22,Dswan_hl,98.76,,,98.76,synthetic,train,813.5,,2840.4,92.22
100101606027W400,1316.4,1950.4,634.0,57.78,Dprair_ev,75.9,,,75.9,synthetic,train,634.0,,1950.4,57.78
100101606419W500,691.55,1457.25,765.7,50.0,Kvik_ss,57.22,76.66666667,1371.5999561088015,76.66666667,static,train,765.7,,1456.95,50.0
100101606422W500,858.9000000000001,1669.7,810.8,58.89,Kspirit_r,,,,,,test,810.8,,1669.7,58.89
100101606423W500,683.7,1490.5,806.8,47.22,Kdunvegan,56.34,,,56.34,synthetic,train,806.8,,1490.5,47.22
100101608108W500,1012.8,1677.0,664.2,52.4,Dmuskeg,,,,,,test,664.2,,1677.0,52.4
100101705323W400,868.8500000000001,1523.5500000000002,654.7,75.56,Dcook_lk,61.55,,,61.55,synthetic,train,654.7,,1510.15,
100101706216W500,1047.3,1973.6,926.3,65.0,Mdebolt,78.02,,,78.02,synthetic,train,926.3,,1973.6,65.0
100101706419W500,703.2,1492.0,788.8,48.89,Kmannvl,58.53,61.66666667,1219.1999609856014,61.66666667,static,train,788.8,,1492.0,48.89
100101706424W500,1317.3499999999997,2199.1499999999996,881.8,56.67,Kcadomin,84.58,,,84.58,synthetic,train,881.8,,1600.1999999999998,63.33
100101706519W500,612.9499999999999,1356.35,743.4,48.89,Kvik_ss,55.15,,,55.15,synthetic,train,743.4,,1356.35,48.89
100101804316W400,836.4,1556.3,719.9,60.0,Dbvrhl_lk,63.96,,,63.96,synthetic,train,719.9,,1556.3,60.0
100101806316W500,973.0,2018.5,1045.5,65.56,TRmontney,81.59,,,81.59,synthetic,train,1045.5,,2018.5,65.56
100101806319W500,1025.3,1816.6,791.3,65.56,Kgething,70.38,,,70.38,synthetic,train,791.3,,1816.6,65.56
100101806321W500,1216.45,2048.25,831.8,26.67,Kgething,78.77,,,78.77,synthetic,train,831.8,,2048.25,26.67
100101806523W500,590.7500000000001,1437.15,846.4,54.44,Kshftbury,55.28,,,55.28,synthetic,train,846.4,,1437.15,54.44
100101806617W500,1525.1000000000001,2345.3,820.2,67.22,Dwintrbrn,83.78,,,83.78,synthetic,train,820.2,,2345.3,67.22
100101905314W500,2460.2500000000005,3343.8500000000004,883.6,103.33,Dmuskeg,,,,,,test,883.6,,2795.75,
100101905818W500,2382.5,3445.0,1062.5,126.67,Dswan_hl,,,,,,test,1062.5,,3436.6,132.22
100101906018W500,2356.4999999999995,3358.3999999999996,1001.9,135.56,Dswan_hl,110.68,,,110.68,synthetic,train,1001.9,3358.4,3358.6000000000004,135.56
100101906116W500,2135.4,3034.0,898.6,115.56,Dswan_hl,,,,,,test,898.6,,3034.0,115.56
100102006216W500,647.8499999999999,1575.05,927.2,40.56,Kvik_ss,62.85,,,62.85,synthetic,train,927.2,,1575.05,40.56
100102006523W500,560.25,1347.25,787.0,40.0,Kdunvegan,51.62,,,51.62,synthetic,train,787.0,,1347.25,40.0
100102007016W500,437.20000000000005,1235.5,798.3,25.0,Kgething,,,,,,test,798.3,,1235.5,25.0
100102008007W500,-63.200000000000045,598.5,661.7,29.0,Mbanff,31.27,,,31.27,synthetic,train,661.7,,598.5,29.0
100102106215W500,612.8000000000001,1628.4,1015.6,59.44,Kmannvl,66.62,,,66.62,synthetic,train,1015.6,,1628.4,59.44
100102107026W500,2531.5,3170.0,638.5,81.0,Cambrian,103.68,,,103.68,synthetic,train,638.5,,3170.0,81.0
100102107519W500,290.0,938.9,648.9,37.78,Kbluesky,,,,,,test,648.9,,938.9,37.78
100102205913W500,918.9499999999999,1705.35,786.4,48.89,Jfernie,67.62,,,67.62,synthetic,train,786.4,,1705.35,50.0
100102206114W500,1890.3499999999997,2834.6499999999996,944.3,85.56,Dswan_hl,99.52,,,99.52,synthetic,train,944.3,,2834.65,85.56
100102206615W500,387.20000000000016,1369.3000000000002,982.1,43.33,Kmannvl,58.88,,,58.88,synthetic,train,982.1,,1366.7,
100102306520W500,2254.4,3022.5,768.1,37.78,Dslave_pt,,,,,,test,768.1,,1383.5,47.0
100102306919W500,728.8,1545.3,816.5,61.11,TRmontney,66.22,,,66.22,synthetic,train,816.5,,1545.3,61.11
100102406114W500,588.25,1525.55,937.3,46.11,Kviking,60.17,,,60.17,synthetic,train,937.3,,1525.55,46.11
100102504602W500,79.70000000000005,999.0,919.3,36.67,Kbelly_rv,37.07,,,37.07,synthetic,train,919.3,,999.0,36.67
100102506310W500,588.3999999999999,1557.1,968.7,58.89,Mpekisko,,,,,,test,968.7,,1557.1,58.89
100102506318W500,2140.5,2961.0,820.5,51.11,Dswan_hl,100.44,,,100.44,synthetic,train,820.5,,1728.55,63.33
100102506415W500,693.6999999999998,1758.1,1064.4,51.11,Kgething,74.43,,,74.43,synthetic,train,1064.4,,1758.1,51.11
100102506527W500,398.20000000000005,1331.5,933.3,38.5,Kcard_ss,51.15,,,51.15,synthetic,train,,,,
100102506620W500,527.2499999999998,1324.9499999999998,797.7,58.33,Kvik_ss,53.79,,,53.79,synthetic,train,797.7,,1324.9499999999998,58.33
100102508009W500,1050.6,1716.0,665.4,57.22,Dmuskeg,65.23,,,65.23,synthetic,train,665.4,,1716.0,57.22
100102606217W500,663.6500000000002,1596.0500000000002,932.4,51.67,Kvik_ss,62.29,,,62.29,synthetic,train,932.4,,1596.0500000000002,51.67
100102606420W500,697.2,1489.7,792.5,27.78,Kmannvl,,,,,,test,792.5,,1489.7,27.78
100102606619W500,806.4999999999999,1581.6,775.1,50.0,Jfernie,65.75,107.2222222,2743.199912217603,107.2222222,static,train,775.1,,1581.6,50.0
100102705117W500,208.89999999999998,1212.3,1003.4,43.33,Kknhl_tuf,,,,,,test,1003.4,,1212.3,43.33
100102706027W400,332.25,954.05,621.8,35.56,Dwabamun,,,,,,test,621.8,,954.05,35.56
100102706221W500,468.20000000000005,1359.7,891.5,29.44,Kkaskapau,,,,,,test,891.5,,1359.7,29.44
100102708009W500,-97.5,552.6,650.1,34.44,Mpekisko,,,,,,test,650.1,,552.6,34.44
100102805216W500,160.9000000000001,1104.9,944.0,42.22,Kknhl_tuf,37.54,,,37.54,synthetic,train,944.0,,1104.9,42.22
100102805414W500,1381.35,2238.75,857.4,71.11,Mbanff,79.71,,,79.71,synthetic,train,857.4,,2238.75,71.11
100102806212W500,665.9,1610.5,944.6,44.0,Kbluesky,,,,,,test,944.6,,1610.5,44.0
100102905918W500,2373.1000000000004,3195.1000000000004,822.0,114.44,Dswan_hl,,,,,,test,,,,
100102906423W500,838.8,1707.8,869.0,63.89,Kcadotte,64.35,,,64.35,synthetic,train,869.0,,3452.45,98.33
100102906625W500,736.4499999999999,1443.55,707.1,39.44,Kcadotte,57.54,,,57.54,synthetic,train,707.1,,1443.55,39.44
100103003223W400,915.25,1802.75,887.5,63.9,Dstettler,68.64,,,68.64,synthetic,train,887.5,,1802.75,63.9
100103006423W500,2639.25,3468.95,829.7,94.44,Dswan_hl,,,,,,test,829.7,,2971.0,98.89
100103006509W500,1505.4000000000003,2528.6000000000004,1023.2,93.33,Dwatt_mtn,,,,,,test,1023.2,,2528.6000000000004,93.33
100103008009W500,1044.6,1696.0,651.4,47.0,Dmuskeg,64.21,,,64.21,synthetic,train,651.4,,1696.0,47.0
100103106307W500,363.4999999999999,1159.6,796.1,45.0,Kmannvl,49.92,,,49.92,synthetic,train,796.1,,1159.6,45.0
100103106317W500,911.4999999999999,1724.1,812.6,67.22,Kgething,68.74,,,68.74,synthetic,train,812.6,,1724.1,67.22
100103108008W500,1137.1,1799.7,662.6,58.89,preCamb,69.07,,,69.07,synthetic,train,662.6,,1799.7,58.89
100103206321W500,389.0999999999999,1159.6,770.5,43.33,Kcard_ss,43.64,84.7,2059.999878080004,84.7,static,train,770.5,,1159.6,43.33
100103306127W400,1278.2000000000003,1894.8000000000002,616.6,64.44,Dcntct_rp,74.48,,,74.48,synthetic,train,616.6,,1894.8,64.44
100103306520W500,604.7,1346.5,741.8,47.6,Kviking,,,,,,test,741.8,,1346.5,47.6
100103403221W400,588.2,1507.5,919.3,49.44,Kbs_qtz,59.69,,,59.69,synthetic,train,919.3,,1507.5,49.44
100103405818W500,2361.75,3405.85,1044.1,91.11,Dswan_hl,113.9,,,113.9,synthetic,train,1044.1,,2424.3500000000004,
100103406419W500,931.2500000000001,1678.65,747.4,60.0,Jfernie,67.65,97.38888889,2962.655905195011,97.38888889,static,train,747.4,,1401.8000000000002,
100103406819W500,654.3000000000001,1468.4,814.1,60.0,Kbluesky,,,,,,test,814.1,,1468.4,60.0
100103407020W500,2020.0499999999997,2722.6499999999996,702.6,71.67,Dswan_hl,93.03,,,93.03,synthetic,train,,,,
100103505903W500,214.75,882.25,667.5,32.22,Kvik_ss,38.8,,,38.8,synthetic,train,667.5,,867.1500000000001,51.67
100103604301W500,81.34999999999991,1018.05,936.7,37.78,Kbelly_rv,36.93,42.22222222,1054.607966252545,42.22222222,static,train,936.7,,1018.05,37.78
100103605913W500,645.5500000000002,1425.5500000000002,780.0,48.33,Kvik_ss,55.68,,,55.68,synthetic,train,780.0,,1425.5500000000002,48.33
100110105618W500,1429.5,2526.5,1097.0,47.1,Kgething,93.83,,,93.83,synthetic,train,1097.0,,2526.5,47.1
100110105714W500,1203.35,2075.35,872.0,91.11,Mpekisko,78.57,,,78.57,synthetic,train,872.0,,2075.35,91.11
100110105918W500,1361.5500000000002,2402.15,1040.6,79.44,PRbelloy,92.51,,,92.51,synthetic,train,1040.6,,2402.15,79.44
100110106113W500,871.25,1633.55,762.3,54.44,Jnordegg,66.65,,,66.65,synthetic,train,762.3,,577.3,
100110206625W500,592.0500000000002,1384.5500000000002,792.5,44.44,Kshftbury,55.0,,,55.0,synthetic,train,792.5,,1384.5500000000002,44.44
100110306020W500,1440.0000000000002,2398.3,958.3,75.56,TRmontney,90.29,,,90.29,synthetic,train,958.3,,2400.3,
100110406626W500,1407.4499999999998,2202.95,795.5,23.89,TRmontney,84.88,,,84.88,synthetic,train,795.5,,2202.95,23.89
100110407421W500,448.54999999999995,1087.25,638.7,40.1,Kgething,50.72,,,50.72,synthetic,train,638.7,,1087.25,40.1
100110505315W500,1200.25,2107.35,907.1,72.22,Kvik_ss,,,,,,test,907.1,,2107.35,72.22
100110505515W500,1303.35,2174.45,871.1,75.56,Jfernie,79.13,,,79.13,synthetic,train,871.1,,2174.45,75.56
100110505718W500,2508.85,3703.35,1194.5,121.11,Dbvrhl_lk,128.98,,,128.98,synthetic,train,1194.5,,3703.35,121.11
100110606426W500,1055.1,1978.5,923.4,60.0,Kcadotte,73.07,,,73.07,synthetic,train,923.4,,1978.5,60.0
100110606726W500,2466.6000000000004,3260.3,793.7,78.89,Dnisku,105.77,,,105.77,synthetic,train,793.7,,3204.35,88.89
100110607324W500,601.95,1323.15,721.2,48.33,Kgething,59.78,,,59.78,synthetic,train,721.2,,1323.15,48.33
100110806618W500,2097.0,2917.2,820.2,77.78,Dswan_hl,100.44,,,100.44,synthetic,train,820.2,,1730.5,
100110806721W500,851.95,1553.25,701.3,57.6,Kbluesky,64.14,,,64.14,synthetic,train,701.3,,1071.25,
100110905226W400,651.3000000000002,1365.8000000000002,714.5,51.67,Dwabamun,55.42,,,55.42,synthetic,train,714.5,,1365.8000000000002,51.67
100110906216W500,2044.7,2963.4,918.7,95.56,Dswan_hl,101.77,,,101.77,synthetic,train,918.7,,2963.4,95.56
100111106803W600,916.1999999999998,1630.6999999999998,714.5,51.11,Knotikwn,,,,,,test,714.5,,1630.6999999999998,51.11
100111107812W500,1283.5,1988.5,705.0,57.22,Dgrn_wash,75.35,,,75.35,synthetic,train,705.0,,722.35,
100111406427W500,846.1999999999999,1815.6,969.4,49.3,Kdunvegan,,,,,,test,969.4,,1815.6,49.3
100111406613W500,1694.1,2888.0,1193.9,96.0,Dswan_hl,108.2,,,108.2,synthetic,train,1193.9,,2888.5,
100111407114W500,1581.9499999999996,2320.1499999999996,738.2,74.44,Dswan_hl,,,,,,test,738.2,,2320.15,74.44
100111506313W500,783.5999999999999,1835.1999999999998,1051.6,52.78,Mshunda,75.74,,,75.74,synthetic,train,1051.6,,1722.15,60.0
100111506802W600,1210.9999999999998,1904.6999999999998,693.7,44.44,Jnikanssn,75.84,,,75.84,synthetic,train,693.7,,1185.7,
100111604914W500,2808.7,3893.7,1085.0,46.11,Delk_pt,,,,,,test,1085.0,,1704.0,
100111606819W500,837.15,1619.25,782.1,60.0,PRbelloy,69.33,,,69.33,synthetic,train,782.1,,1619.25,60.0
100112004213W500,2324.5,3653.1,1328.6,105.56,Mturner_v,,,,,,not assigned,1328.6,3536.1,3536.6,102.78
100112106425W500,737.5999999999999,1574.6,837.0,49.44,Kdunvegan,58.81,,,58.81,synthetic,train,837.0,,1574.6,49.44
100112204313W500,2189.1000000000004,3308.3,1119.2,103.33,Melkton,,,,,,test,1119.2,,3297.3500000000004,
100112204416W500,1686.55,2855.25,1168.7,70.0,Kblkstn,,,,,,not assigned,1168.7,,2855.25,70.0
100112205512W400,-135.54999999999995,458.25,593.8,16.11,Kvik_ss,24.14,,,24.14,synthetic,train,593.8,,458.25,16.11
100112405614W500,2141.2,2978.2,837.0,114.44,Dswan_hl,99.6,,,99.6,synthetic,train,837.0,,2978.2,114.44
100112504718W500,1530.9,2753.8,1222.9,80.0,Kcard_ss,95.08,,,95.08,synthetic,train,1222.9,2753.8,2754.0,80.0
100112506216W500,625.1500000000001,1650.25,1025.1,53.8,Kmannvl,65.33,,,65.33,synthetic,train,1025.1,,1650.25,53.8
100112506523W500,1178.9499999999998,1927.85,748.9,67.78,TRmontney,75.04,,,75.04,synthetic,train,748.9,,1927.85,67.78
100112605315W500,1424.9,2340.5,915.6,81.1,Jnordegg,83.8,,,83.8,synthetic,train,915.6,,2340.5,81.1
100112605713W500,1033.8,1844.0,810.2,55.0,Jnordegg,,,,,,test,810.2,,1577.9499999999998,
100112605814W500,2103.1,3049.2,946.1,135.56,Dgilwood,104.18,,,104.18,synthetic,train,946.1,,3049.2,135.56
100112606214W500,558.65,1427.05,868.4,50.56,Kmannvl,58.64,,,58.64,synthetic,train,868.4,,1427.05,50.56
100112704908W500,1150.3,2025.5,875.2,34.0,Mbanff,,,,,,test,875.2,,1760.5,
100112706220W500,823.0000000000001,1660.9,837.9,58.89,Kviking,,,,,,test,837.9,,1666.9499999999998,58.89
100112706316W500,932.7,1962.9,1030.2,71.11,Mdebolt,80.22,,,80.22,synthetic,train,1030.2,,1962.9,71.11
100112806819W500,791.55,1587.05,795.5,61.11,TRmontney,,,,,,test,795.5,,1467.3000000000002,
100113006919W500,797.5999999999998,1507.1999999999998,709.6,60.0,PRbelloy,64.69,,,64.69,synthetic,train,709.6,,1507.1999999999998,60.0
100113105813W500,1009.35,1949.95,940.6,57.78,Jnordegg,,,,,,test,940.6,,1897.1,
100113205613W500,2171.55,3008.8500000000004,837.3,81.67,Dgilwood,,,,,,test,837.3,,3005.95,85.56
100113305613W500,1045.8000000000002,1852.9,807.1,47.78,Kellrslie,68.52,,,68.52,synthetic,train,807.1,,1852.9,47.78
100113306020W500,555.2,1463.2,908.0,47.78,Kcard_ss,53.3,98.88888889,2377.4399239219224,98.88888889,static,train,908.0,,1463.2,47.78
100113405314W500,2354.3499999999995,3230.6499999999996,876.3,91.67,Dslave_pt,103.87,,,103.87,synthetic,train,876.3,3230.65,3230.9,91.67
100113603220W400,1276.5,2132.4,855.9,58.33,Dbvrhl_lk,79.78,,,79.78,synthetic,train,855.9,,1200.15,
100113606225W500,1469.2,2373.5,904.3,69.5,Kcadomin,88.89,,,88.89,synthetic,train,,,,
100113606412W500,1137.1999999999998,2108.6,971.4,71.11,Dbluerdge,82.25,,,82.25,synthetic,train,971.4,,1513.35,71.11
100120106424W500,732.1000000000001,1592.9,860.8,65.56,Kdunvegan,59.46,,,59.46,synthetic,train,860.8,,1592.9,65.56
100120106625W500,1287.0,2054.5,767.5,67.1,TRmontney,,,,,,test,767.5,,2054.5,67.1
100120506319W500,2379.2999999999997,3181.2,801.9,115.56,Dgilwood,104.43,,,104.43,synthetic,train,801.9,,3181.2,115.56
100120903821W400,552.65,1403.25,850.6,46.0,Kellrslie,58.38,,,58.38,synthetic,train,,,,
100120906419W500,707.3999999999999,1485.6,778.2,62.78,Kmannvl,57.83,111.8333333,3026.6639031467553,111.8333333,static,train,778.2,,1485.6,62.78
100121406708W500,1363.0,2291.0,928.0,67.0,Dswan_hl,,,,,,test,928.0,,2291.0,67.0
100121506419W500,1074.6000000000001,1818.9,744.3,73.33,TRmontney,,,,,,test,744.3,,1818.9,73.33
100121706626W500,839.9999999999999,1638.6,798.6,55.56,Kcadotte,65.33,,,65.33,synthetic,train,798.6,,1638.6,55.56
100121806005W500,307.20000000000005,990.6,683.4,33.89,Kvik_ss,41.52,,,41.52,synthetic,train,683.4,,990.6,33.89
100121806417W500,852.6499999999999,1657.9499999999998,805.3,65.56,Kgething,68.0,,,68.0,synthetic,train,805.3,,1461.5,
100122206319W500,1023.8,1811.1,787.3,60.0,Jfernie,,,,,,test,787.3,,1811.1,60.0
100122506218W500,2142.2,3014.5,872.3,86.11,Dswan_hl,101.74,,,101.74,synthetic,train,872.3,,3032.75,
100122506919W500,708.1500000000001,1536.95,828.8,54.44,TRmontney,66.84,,,66.84,synthetic,train,828.8,,1536.95,54.44
100122806316W500,825.8,1800.6,974.8,55.56,Kgething,75.23,,,75.23,synthetic,train,974.8,,1556.75,58.33
100122905513W500,1251.65,2048.75,797.1,60.0,Mpekisko,74.91,,,74.91,synthetic,train,797.1,,2052.25,60.0
100122906818W500,783.2,1661.9,878.7,54.44,Mdebolt,,,,,,test,878.7,,1661.9,54.44
100123007807W500,1053.1,1721.0,667.9,52.3,Dgilwood,,,,,,test,667.9,,1721.0,52.3
100123305513W500,901.4500000000002,1747.5500000000002,846.1,58.89,Kvik_ss,64.16,,,64.16,synthetic,train,846.1,,1747.5500000000002,58.89
100123306820W500,414.10000000000014,1158.4,744.3,43.33,Kspirit_r,,,,,,test,744.3,,1151.1,43.33
100123405407W500,811.05,1557.85,746.8,46.67,Mbanff,61.58,,,61.58,synthetic,train,746.8,,1557.85,46.67
100123506118W500,776.2,1608.0,831.8,50.56,Kviking,62.11,63.0,483.7175845210373,63.0,static,train,831.8,,1608.0,50.56
100123506318W500,971.3,1777.0,805.7,69.2,Jfernie,70.12,,,70.12,synthetic,train,805.7,,1778.5,72.6
100123506419W500,972.9000000000002,1723.3000000000002,750.4,37.78,Jnordegg,68.91,109.1111111,2923.641506443472,109.1111111,static,train,750.4,,1650.5,61.11
100123606419W500,1004.35,1766.95,762.6,69.0,TRmontney,70.62,,,70.62,synthetic,train,762.6,1640.0,1640.0,65.3
100130806320W500,2424.9999999999995,3221.3999999999996,796.4,122.22,Dswan_hl,104.91,,,104.91,synthetic,train,796.4,,1635.25,
100132006502W600,3084.5,3942.5,858.0,108.6,Dswan_hl,124.38,,,124.38,synthetic,train,858.0,,3942.5,108.6
100132007121W500,684.85,1360.75,675.9,48.7,TRmontney,,,,,,test,675.9,,1294.5,
100132106524W500,582.5,1467.5,885.0,48.0,Kdunvegan,,,,,,test,885.0,,2045.5,62.0
100132306325W500,1375.1999999999998,2288.6,913.4,58.33,Kgething,84.73,,,84.73,synthetic,train,913.4,,2288.6,58.33
100132405522W500,1063.9,2082.5,1018.6,58.3,Kblkstn,72.44,,,72.44,synthetic,train,1018.6,,2082.5,60.4
100132503226W400,1288.9999999999998,2259.2,970.2,65.56,Dnisku,80.75,,,80.75,synthetic,train,970.2,,2259.2,65.56
100140103123W400,469.4,1392.0,922.6,43.33,Kbfs,55.13,,,55.13,synthetic,train,922.6,,1392.0,43.33
100140206310W500,385.79999999999995,1280.0,894.2,42.5,Kmannvl,53.38,,,53.38,synthetic,train,894.2,,1524.5,
100140206601W600,1647.4,2562.0,914.6,74.3,PRbelloy,,,,,,test,914.6,,1884.0,
100140306515W500,465.4000000000001,1459.7,994.3,47.78,Kmannvl,,,,,,test,994.3,,1459.7,47.78
100140307021W500,663.2,1315.5,652.3,46.9,Kbluesky,56.96,,,56.96,synthetic,train,652.3,,1315.5,46.9
100141006601W600,1654.6,2518.0,863.4,68.0,PRbelloy,98.19,78.05555556,796.1375745235977,78.05555556,static,train,863.4,,2518.0,68.0
100141103917W400,267.70000000000005,1064.0,796.3,43.4,Kvik_ss,45.52,,,45.52,synthetic,train,796.3,,1064.0,43.4
100141405626W400,425.5,1141.5,716.0,38.0,Kellrslie,,,,,,test,716.0,,1081.0,
100141503621W400,408.14999999999986,1315.85,907.7,48.89,Kvik_ss,,,,,,test,907.7,,1315.85,48.89
100141606818W500,646.4500000000002,1471.5500000000002,825.1,48.89,Kbluesky,63.34,,,63.34,synthetic,train,825.1,,1471.3,
100141705519W500,1348.9,2492.5,1143.6,83.33,Kmannvl,,,,,,test,1143.6,,2492.5,83.33
100142004127W400,867.4000000000001,1791.9,924.5,37.78,Kglauc_ss,70.19,,,70.19,synthetic,train,924.5,,979.75,
100142005315W500,1396.9,2337.4,940.5,59.2,Kmannvl_L,84.45,,,84.45,synthetic,train,940.5,,2953.5,86.7
100142006825W500,958.05,1646.35,688.3,48.0,Kgething,,,,,,test,688.3,,1646.35,48.0
100142103711W500,3624.600000000001,5128.200000000001,1503.6,116.67,Delk_pt,,,,,,not assigned,1503.6,4073.05,4081.55,98.89
100142306724W500,2388.1,3173.6,785.5,98.4,Dcook_lk,104.74,,,104.74,synthetic,train,785.5,3173.6,3176.0,98.4
100142904806W500,-630.95,225.55,856.5,37.78,Tpaskapoo,8.37,,,8.37,synthetic,train,856.5,,225.55,37.78
100142906919W500,660.6999999999999,1391.6,730.9,46.11,Jfernie,60.35,,,60.35,synthetic,train,730.9,,1372.0500000000002,48.89
100143206412W500,1717.3000000000002,2742.3,1025.0,87.78,Dswan_hl,102.6,,,102.6,synthetic,train,1025.0,,2742.3,87.78
100150106318W500,958.9,1851.0,892.1,94.0,Kgething,73.01,,,73.01,synthetic,train,892.1,,1851.0,94.0
100150406512W500,1735.2499999999995,2733.1499999999996,997.9,82.22,Dgilwood,101.27,,,101.27,synthetic,train,997.9,,2733.15,82.22
100151004919W500,2373.9,3509.0,1135.1,117.78,Melkton,118.91,,,118.91,synthetic,train,1135.1,,2542.05,
100152005416W500,1421.3,2322.5,901.2,61.0,Kostracod,83.48,,,83.48,synthetic,train,901.2,,2064.0,62.0
100152507708W500,-74.39999999999998,612.5,686.9,40.0,Mbanff,33.32,,,33.32,synthetic,train,686.9,,612.5,40.0
100152806721W500,1885.3500000000004,2591.8500000000004,706.5,65.56,Direton,,,,,,test,706.5,,1190.25,
100153208009W500,1099.2,1742.0,642.8,50.0,preCamb,66.44,,,66.44,synthetic,train,642.8,,1742.0,50.0
100153504402W500,1287.8,2202.0,914.2,71.3,Dnisku,78.75,,,78.75,synthetic,train,914.2,,2202.0,71.3
100153607812W500,-4.849999999999909,694.95,699.8,30.56,Kgething,37.41,,,37.41,synthetic,train,699.8,,694.95,30.56
100160106122W500,929.7,1893.0,963.3,50.0,Kshftbury,71.13,90.0,800.0999743968008,90.0,static,train,963.3,,1893.0,50.0
100160206625W500,2638.35,3411.75,773.4,88.6,Dswan_hl,111.07,,,111.07,synthetic,train,773.4,,3411.75,88.6
100160707808W500,1084.1499999999999,1743.85,659.7,61.0,Dgilwood,,,,,,test,659.7,,1743.85,61.0
100160906212W500,1740.3500000000004,2627.3500000000004,887.0,90.56,Dswan_hl,94.24,,,94.24,synthetic,train,887.0,,601.4,
100160906613W500,1159.6,2331.5,1171.9,43.0,Dgraminia,90.34,,,90.34,synthetic,train,1171.9,,2331.5,43.0
100161103025W400,817.0500000000001,1700.95,883.9,57.9,Mpekisko,,,,,,test,883.9,,1700.95,57.9
100161108108W500,1009.05,1671.35,662.3,46.11,Dmuskeg,64.81,,,64.81,synthetic,train,662.3,,1671.35,46.11
100161306417W500,929.6499999999999,1870.85,941.2,42.78,PRbelloy,,,,,,test,941.2,,1765.5500000000002,48.89
100161406821W500,2220.6,2929.6,709.0,81.0,Dgilwood,97.52,,,97.52,synthetic,train,709.0,2929.6,2930.0,89.0
100161506319W500,1408.3,2191.0,782.7,78.0,Mbanff,80.72,122.0,937.259970007681,122.0,static,train,782.7,,2191.0,78.0
100161603725W400,583.9499999999999,1534.35,950.4,52.22,Kvik_ss,60.55,,,60.55,synthetic,train,950.4,,1534.35,52.22
100161706919W500,736.65,1476.75,740.1,46.67,TRmontney,63.59,,,63.59,synthetic,train,740.1,,1409.25,
100161906819W500,718.2,1477.5,759.3,61.11,Kgething,63.16,,,63.16,synthetic,train,759.3,,1477.5,61.11
100162005425W400,479.0000000000002,1170.3000000000002,691.3,37.78,Dwabamun,49.67,,,49.67,synthetic,train,691.3,,1128.7,
100162104913W500,1489.7499999999995,2494.6499999999996,1004.9,71.11,Kmannvl_L,89.01,,,89.01,synthetic,train,1004.9,,1206.2,
100162703224W400,1518.9,2420.0,901.1,73.1,Dbvrhl_lk,86.79,,,86.79,synthetic,train,901.1,,2381.5,77.7
100162706309W500,281.30000000000007,1175.9,894.6,47.22,Kviking,50.88,,,50.88,synthetic,train,894.6,,1175.9,47.22
100162906116W500,714.0000000000002,1590.3000000000002,876.3,22.22,Kmannvl,62.92,,,62.92,synthetic,train,,,,
100163406326W500,1468.7,2390.4,921.7,69.0,Kcadomin,88.17,,,88.17,synthetic,train,921.7,2390.4,2390.5,69.0
100163406826W500,1029.6,1711.5,681.9,58.9,Kgething,67.81,,,67.81,synthetic,train,681.9,,1711.5,58.9
100163602923W400,1281.0500000000002,2180.05,899.0,62.1,Dleduc,,,,,,test,899.0,,2180.05,62.1
100163606918W500,1839.5,2733.5,894.0,21.7,Dswan_hl,97.84,,,97.84,synthetic,train,894.0,,2733.5,21.7
102052004217W400,234.5,988.3,753.8,33.33,Kviking,41.98,,,41.98,synthetic,train,753.8,,988.3,33.33
102061003805W500,1072.8,2073.5,1000.7,59.5,K2nd_ws,73.64,,,73.64,synthetic,train,1000.7,,2402.75,72.8
102061504515W400,252.5,950.0,697.5,38.6,Kellrslie,42.79,,,42.79,synthetic,train,697.5,,950.0,38.6
102061504716W500,435.1500000000001,1707.95,1272.8,51.67,Kknhl_tuf,58.29,105.0,975.359968788481,105.0,static,train,1272.8,,2124.9,58.89
102071804513W400,249.20000000000005,928.5,679.3,35.3,Dwintrbrn,41.65,,,41.65,synthetic,train,679.3,,928.5,35.3
102092304009W500,743.3500000000001,1796.45,1053.1,53.33,Kbelly_rv,,,,,,test,1053.1,,1796.45,53.33
102101106218W500,2202.7500000000005,3109.8500000000004,907.1,120.0,Dswan_hl,,,,,,test,907.1,,3109.8500000000004,120.0
102101403324W400,1513.5,2410.0,896.5,72.5,Dbvrhl_lk,,,,,,test,896.5,,2410.0,72.5
102102106218W500,2176.75,3055.45,878.7,83.89,Dswan_hl,,,,,,test,878.7,,1892.8,
102112204416W500,2653.9,3829.0,1175.1,89.2,Dbvrhl_lk,,,,,,not assigned,1175.1,,3829.0,89.2
102142004709W500,1341.2,2297.5,956.3,68.8,Jrock_ck,81.48,,,81.48,synthetic,train,956.3,,2297.5,68.8
106141105522W400,98.39999999999998,731.5,633.1,23.33,Kviking,32.98,,,32.98,synthetic,train,633.1,,731.5,23.33
