UWI,SurfLat,SurfLong,"TD, m","GL, m","Depth subsea, m","Depth subsurface, m","TSC, h","BHT, C","Synthetic Temp, C","Static Temp, C","True Temp, C",source,label
42013301410000,28.6904258,-98.4701375,5982.919008546592,105.43031662622987,3725.417880786628,3830.8481974128576,5.5,61.666666666666664,141.77305555555554,,141.77305555555554,synthetic,train
42013301930000,28.7799205780029,-98.2083129882813,3284.2198949049634,121.12751612391948,3168.7006986015776,3289.828214725497,11.0,107.22222222222223,,132.778,132.778,static,train
42013302760000,28.9943599700928,-98.4217987060547,1880.0063398397972,140.32991550944269,1747.418344082613,1887.7482595920555,5.5,65.55555555555556,,,,,train
42013305480000,28.7591182,-98.1564097,2498.7503200399897,125.08991599712269,2379.268723863401,2504.3586398605235,5.0,76.66666666666667,,,,,train
42013310190000,28.8173999786377,-98.1553192138672,3352.7998927104036,155.11881103619803,3203.289401494739,3358.408212530937,7.75,98.88888888888889,,,,,train
42013311740000,28.81907081604,-98.1513519287109,3339.388693139562,160.9130588507821,3151.7751551431948,3312.6882139939767,9.0,118.33333333333333,,,,,train
42013312950000,28.927915,-98.5774669,2022.957535265359,158.92271491447312,1879.7015398495507,2038.6242547640238,3.0,62.77777777777778,,,,,train
42013313140000,28.6940473,-98.7658609,2612.7455163921436,130.8811158118043,2484.7295204886555,2615.6106363004596,8.0,85.0,,,,,train
42013313780000,28.8512706756592,-98.7718200683594,2221.3823289157654,157.32251496567952,1880.6921398178515,2038.014654783531,7.0,65.0,,,,,train
42013325590000,28.9872493743896,-98.7019271850586,1610.258348471733,170.20031455358992,626.3639799563526,796.5642945099426,1.0,37.77777777777778,,,,,train
42013326640000,28.8255405426025,-98.1487121582031,3355.8478926128673,165.1406347154997,3196.3155777179018,3361.456212433401,14.0,110.0,,138.6111111,138.6111111,static,train
42013332560000,28.9074096679688,-98.4476776123047,3352.7998927104036,132.1003157727899,3226.3078967581473,3358.408212530937,7.083333333333333,96.66666666666667,,,,,train
42013339770000,28.7941703796387,-98.1953430175781,3352.7998927104036,147.34031528510988,3211.067897245827,3358.408212530937,6.0,113.88888888888889,,,,,test
42013339790000,28.8259506225586,-98.1421737670898,3365.6014923007524,160.44671486570513,3210.7630972555808,3371.2098121212857,8.0,116.66666666666667,,,,,train
42013340230000,28.8771095275879,-98.2406997680664,2905.353507028688,95.0366369588276,2815.925189890394,2910.9618268492213,0.0,90.55555555555556,,,,,train
42013340590000,28.783406,-98.2167746,3347.6182928762146,136.9771156167323,3221.4310969142048,3358.408212530937,8.0,120.55555555555556,,,,,train
42013340740000,28.8132991790771,-98.1574630737305,3274.4662952170784,152.2171151290523,3151.3270991575328,3303.544214286585,8.0,110.0,,,,,test
42013342130000,28.8621,-98.6329,2308.8599261164823,145.8163153338779,2168.651930603138,2314.468245937016,0.0,77.22222222222223,,,,,test
42021301990000,30.0108299255371,-97.1275863647461,2106.167932602626,103.75391667987466,2008.0223357432853,2111.77625242316,4.5,73.33333333333333,,,,,test
42025304380000,28.6869217,-97.9282528,4267.199863449604,165.32351470964753,936.6503700271882,1101.9738847368355,4.5,54.44444444444444,,65.55555556,65.55555556,static,train
42025324790000,28.6656093597412,-98.0211868286133,4237.329464405457,120.36551614830347,4121.962668097195,4242.328184245499,19.0,145.55555555555554,,,,,train
42041303170000,30.8805503845215,-96.2677688598633,3447.2878896867874,110.36807646822155,2553.0961583009225,2663.4642347691442,8.0,90.0,,,,,test
42041303360000,30.7161502838135,-96.256950378418,3623.1574840589606,111.83111642140427,2708.6051133246365,2820.4362297460407,5.0,96.11111111111111,,,,,train
42041304220000,30.9314804077148,-96.2214431762695,4117.543068238622,94.30511698223626,3592.6774850343204,3686.9826020165565,4.0,98.33333333333333,,,,,train
42041304470000,30.8464508056641,-96.3678894042969,5059.6798380902455,117.77471623120907,4962.75344119189,5080.528157423099,7.0,118.33333333333333,,,,,test
42041304690000,30.7614707946777,-96.3854064941406,2527.4015191231515,104.24159666426891,2419.9900025603197,2524.2315992245885,3.0,83.88888888888889,,,,,train
42041305800000,30.7352199554443,-96.4655075073242,2444.191121785884,107.83823654917641,2341.961205057242,2449.7994416064184,15.0,73.88888888888889,,82.77777778,82.77777778,static,train
42041305850000,30.7671794891357,-96.2927703857422,2738.627912363907,104.36351666036747,2466.7463210641176,2571.1098377244853,8.0,87.77777777777777,,,,,not assigned
42041306390000,30.6700592041016,-96.2477569580078,3131.819899781763,97.35311688470026,3040.0751027175966,3137.4282196022973,4.0,112.22222222222223,,,,,train
42041307560000,30.7199001312256,-96.3520126342773,2749.295912022531,116.73839626437132,2628.4122358908085,2745.1506321551797,7.0,90.0,,,,,test
42041307630000,30.7303295135498,-96.3658065795898,2668.2191146169885,115.94591628973068,2556.662318186806,2672.6082344765364,29.5,85.55555555555556,,,,,train
42041307950000,30.7219333,-96.3944498,2645.6639153387546,112.59311639702027,2538.9839187525145,2651.577035149535,4.0,90.0,,,,,test
42041308470000,30.7586823,-96.3638423,2656.9415149778715,113.20271637751307,2551.175918362371,2664.378634739883,8.0,93.33333333333333,,,,,test
42041308650000,30.6972904205322,-96.3907699584961,2719.4255129783837,107.41151656283147,2541.727118664732,2649.138635227564,0.0,87.77777777777777,,,,,train
42041308840000,30.7839508056641,-96.3676605224609,2590.7999170944026,113.76050035966398,2467.4077370429527,2581.1682374026163,16.0,80.0,,,,,train
42041309220000,30.7650108337402,-96.3936462402344,2552.6999183136027,120.51791614342667,2438.0951219809563,2558.613038124383,4.0,80.55555555555556,,,,,train
42041309330000,30.7816937,-96.3400767,2676.7535143438877,115.03151631899148,2567.33031784543,2682.361834164421,4.0,87.77777777777777,,,,,train
42041309360000,30.6304893493652,-96.3417816162109,3021.4823033125663,105.43031662622987,2923.793906438595,3029.224223064825,6.0,103.33333333333333,,,,,train
42041309670000,30.7777542,-96.401937,2514.5999195328027,122.95631606539789,2403.347923092866,2526.3042391582644,6.0,79.44444444444444,,,,,test
42041310960000,30.7424697875977,-96.4031600952148,2609.0879165091865,117.77471623120907,2524.3535192206873,2642.128235451896,0.0,96.11111111111111,,,,,train
42041311700000,30.6326503753662,-96.5348281860352,2449.0679216298267,87.38006120383803,2350.5321807829705,2437.9122419868086,0.0,108.88888888888889,,118.8888889,118.8888889,static,train
42041311780000,30.7737598419189,-96.4186401367188,2506.9799197766424,132.8927957474305,2379.695443849746,2512.5882395971767,6.0,92.22222222222223,,,,,test
42041311970000,30.7063407897949,-96.4108734130859,2673.0959144609305,114.42191633849868,2564.2823179429656,2678.7042342814643,3.0,101.66666666666667,,,,,train
42041311980000,30.6431198120117,-96.53466796875,2424.3791224198685,83.81999731776008,2337.328245205496,2421.1482425232566,1.75,93.88888888888889,,105.0,105.0,static,train
42041312500000,30.6669406890869,-96.5214462280273,2420.1119225564184,85.92311725046024,2339.7971251264917,2425.7202423769522,3.0,100.55555555555556,,,,,train
42041313290000,30.6570301055908,-96.5722503662109,2306.116726204265,85.77071725533705,2225.9543287694614,2311.7250460247983,4.0,85.0,,,,,test
42041313380000,30.6848201751709,-96.2699203491211,3017.2151034491167,102.71759671303691,2920.1058265566135,3022.8234232696504,5.0,96.66666666666667,,,,,train
42041314550000,30.7793119,-96.4239768,2493.2639202155547,122.95631606539789,2375.9159239706905,2498.872240036089,6.0,81.11111111111111,,,,,train
42041315490000,30.6775493621826,-96.2258529663086,4170.273466551249,104.05871667012106,3176.625498347984,3280.684215018105,7.5,96.66666666666667,,,,,test
42051303970000,30.4267597198486,-96.7151718139648,2522.2199192889625,119.90831616293387,2308.8599261164823,2428.768242279416,7.0,74.44444444444444,,,,,test
42051304680000,30.5205497741699,-96.8094100952148,2116.83593226125,159.22751490471953,1675.1807463942162,1834.4082612989355,4.5,75.55555555555556,,,,,train
42051305140000,30.3602104187012,-96.7626037597656,2519.1719193864988,92.47631704075785,2418.5879226051866,2511.064239645945,3.0,143.33333333333334,,,,,train
42051305380000,30.3533306121826,-96.7539901733398,2554.2239182648345,97.96271686519306,2461.8695212201756,2559.8322380853683,20.0,103.33333333333333,,111.1111111,111.1111111,static,train
42051305480000,30.3980903625488,-96.7576217651367,2470.4039209470748,122.19431608978188,2349.2459248241303,2471.4402409139125,6.0,98.33333333333333,,,,,train
42051306040000,30.3769397735596,-96.7231674194336,2595.3719169480987,121.61519610831373,2486.3754404359856,2607.9906365442994,8.0,88.88888888888889,,,,,train
42051306100000,30.4174308776855,-96.5044479370117,4269.028663391083,91.86671706026505,2880.6647078187293,2972.531424878994,5.0,96.11111111111111,,,,,test
42051306120000,30.3823038,-96.7074549,2625.5471159824924,110.45951646529547,2534.716718889065,2645.1762353543604,9.0,90.0,,,,,train
42051306370000,30.4230616,-96.7396288,2491.13032028383,126.91871593860108,2357.3231245656602,2484.2418405042613,14.0,98.88888888888889,,,,,train
42051306560000,30.3484122,-96.7443921,2682.2399141683227,95.61575694029578,2507.4980797600615,2603.1138367003578,7.0,91.11111111111111,,,,,test
42051306740000,30.4823686,-96.6853803,2481.071920605699,111.52631643115787,2372.715524073103,2484.241840504261,5.0,123.88888888888889,,,,,train
42051306750000,30.3778821,-96.7066061,2503.9319198741787,111.98351641652746,2397.556723278185,2509.5402396947125,0.0,85.55555555555556,,,,,train
42051306970000,30.4457108,-96.6857498,2530.144719035369,106.80191658233866,2428.9511222735637,2535.7530388559026,6.5,87.77777777777777,,,,,test
42051307260000,30.5302457,-96.6334436,2457.907121346972,126.30911595810828,2337.5111251996436,2463.8202411577518,7.0,87.77777777777777,,,,,test
42051307360000,30.5640365,-96.6623344,2344.8263249655574,134.8435156850075,2217.724729032808,2352.568244717816,5.0,84.44444444444444,,,,,test
42051307530000,30.4280395507813,-96.7116928100586,2529.8399190451228,115.64111629948427,2419.807122566172,2535.448238865657,4.0,90.55555555555556,,,,,train
42051307640000,30.4843631,-96.682876,2450.5919215810586,113.50751636775946,2342.692725033833,2456.2002414015924,6.5,93.33333333333333,,,,,train
42051307650000,30.4866661,-96.6962382,2419.197522585679,114.42191633849868,2310.3839260677146,2424.805842406213,0.0,38.888888888888886,,,,,train
42051307850000,30.3773097991943,-96.7432479858398,2548.1279184599066,111.55679643018252,2438.8266419575475,2550.3834383877297,0.0,86.11111111111111,,,,,test
42051308330000,30.5400973,-96.6440223,2425.598322380854,133.0147157435291,2298.1919264578582,2431.2066422013872,4.5,91.11111111111111,,,,,train
42051308420000,30.3700923,-96.7223043,2606.0399166067227,124.78511600687628,2486.2535204398873,2611.0386364467636,7.0,84.44444444444444,,,,,test
42051308540000,30.3607893,-96.7474348,2558.7959181185306,105.27791663110666,2459.4311212982043,2564.709037929311,4.5,97.77777777777777,,,,,train
42051308570000,30.383960723877,-96.7268905639648,2586.2279172407066,114.11711634825227,2477.719120712988,2591.8362370612404,6.0,80.0,,,,,train
42051309040000,30.4708803,-96.6831961,2479.5479206544665,106.19231660184586,2378.9639238731543,2485.1562404750002,0.0,91.11111111111111,,,,,test
42051309240000,30.3931876,-96.7526764,2492.959120225308,111.67871642628107,2383.231123736604,2494.909840162885,18.0,90.0,,,,,train
42051309360000,30.4509487,-96.7012819,2507.5895197571353,129.6619158508187,2381.4023237951255,2511.0642396459443,10.5,79.44444444444444,,117.0555556,117.0555556,static,train
42051309370000,30.4181003570557,-96.7332077026367,2520.6959193377306,129.3571158605723,2385.669523658575,2515.026639519148,7.5,91.11111111111111,,,,,test
42051309430000,30.3839248,-96.6412658,2855.975908608771,111.06911644578827,2744.723912168835,2855.793028614623,6.0,99.44444444444444,,,,,train
42051309640000,30.4357109069824,-96.7830276489258,2383.5359237268503,126.79679594250253,2262.3474476048814,2389.144243547384,5.0,81.66666666666667,,,,,train
42051309880000,30.4230899810791,-96.7542419433594,2490.215920313091,131.7955157825435,2364.0287243510807,2495.8242401336247,10.0,90.55555555555556,,,,,train
42051309940000,30.4253594,-96.6782155,2627.680715914217,111.67871642628107,2521.61031930847,2633.2890357347505,0.0,96.11111111111111,,,,,test
42051310100000,30.3592300415039,-96.6728973388672,3352.7998927104036,94.1831969861377,2777.5203911193476,2871.7035881054853,6.0,97.77777777777777,,,,,train
42051310320000,30.4641094,-96.5947538,2767.583911437315,108.93551651406347,2664.2567147437853,2773.1922312578486,2.0,85.55555555555556,,,,,train
42051310330000,30.3798198699951,-96.6077499389648,2959.607905292547,104.36351666036747,2860.852708452713,2965.216225113081,8.0,101.11111111111111,,,,,test
42051310430000,30.3330993652344,-96.512336730957,3503.980687872618,83.02751734311944,3214.1158971482914,3297.1434144914106,6.0,105.55555555555556,,,,,train
42051310480000,30.4603099822998,-96.7435913085938,2410.9679228490268,120.97511612879627,2295.6011265407637,2416.57624266956,0.0,85.0,,,,,test
42051310530000,30.4968395233154,-96.5700302124023,2721.863912900355,109.24031650430986,2618.2319162165786,2727.4722327208883,4.0,88.88888888888889,,,,,train
42051310590000,30.3972356,-96.6361197,2825.495909584131,112.59311639702027,2718.5111130076443,2831.1042294046647,28.0,100.0,,,,,train
42051310600000,30.3896708,-96.6344468,2841.0407090866975,108.02111654332427,2738.627912363907,2846.649028907231,8.0,96.66666666666667,,,,,train
42051311590000,30.4451904296875,-96.3155364990234,3828.8974774752805,75.16367759476232,3245.449336145621,3320.6130137403834,13.5,76.11111111111111,,,,,test
42051312330000,30.6104586,-96.6060498,2368.2959242145307,122.04191609465867,2251.8623279404055,2373.904244035064,15.0,81.66666666666667,,,,,train
42051312420000,30.6068555,-96.6015083,2376.525523951183,118.68911620194828,964.9967691201034,1083.6858853220515,4.0,56.666666666666664,,,,,test
42051313870000,30.4677391052246,-96.6579895019531,2526.1823191621656,94.00031699198985,2437.485522000463,2531.485838992453,10.0,92.77777777777777,,,,,test
42051314350000,30.5539302825928,-96.6594772338867,2422.8551224686357,124.48031601662989,2303.98312627254,2428.46344228917,4.0,80.0,,,,,test
42051314640000,30.5166797637939,-96.6018600463867,2636.2151156411164,115.64111629948427,2526.1823191621656,2641.8234354616498,6.0,91.11111111111111,,,,,test
42051315010000,30.5891899,-96.6061025,2413.406322770998,105.27791663110666,2313.736725960425,2419.0146425915314,4.0,96.11111111111111,,,,,train
42051315180000,30.5231895446777,-96.5947265625,2634.386315699638,116.86031626046987,2523.134319259702,2639.994635520171,8.0,89.44444444444444,,,,,train
42051315190000,30.5480194091797,-96.6503372192383,2458.5167213274653,134.53871569476112,2327.757525511759,2462.2962412065203,5.0,60.0,,,,,train
42051315580000,30.5620471,-96.5582263,2598.724716840809,91.56191707001865,2502.712719913193,2594.274636983212,20.5,85.55555555555556,,,,,train
42051315590000,30.4026298522949,-96.7941818237305,2516.428719474281,120.21311615318028,2402.7383231123736,2522.9514392655537,5.0,78.88888888888889,,,,,train
42051316070000,30.35378074646,-96.7438430786133,2655.112715036393,103.44911668962826,2554.528718255081,2657.9778349447092,6.0,92.22222222222223,,,,,test
42051316200000,30.4284191131592,-96.6753616333008,2619.146316187318,104.66831665061386,2519.1719193864988,2623.8402360371124,0.0,96.66666666666667,,,,,train
42051316460000,30.5309505462646,-96.5857315063477,2630.1191158361885,116.25071627997707,2519.476719376745,2635.727435656722,4.0,86.11111111111111,,,,,train
42051316590000,30.3586902618408,-96.6021423339844,3073.603101644701,95.21951695297545,2705.404713427049,2800.624230380025,0.0,81.66666666666667,,,,,train
42051317340000,30.3498306274414,-96.7382431030273,2682.2399141683227,105.27791663110666,2582.57031735775,2687.8482339888565,5.0,94.44444444444444,,,,,train
42051317410000,30.3818397521973,-96.6140670776367,2964.4847051364895,105.27791663110666,2864.8151083259168,2970.0930249570233,4.0,87.77777777777777,,,,,train
42051317780000,30.6068706512451,-96.5574264526367,2455.773521415247,94.7927969666305,2366.5890442691507,2461.3818412357814,7.5,93.33333333333333,,,,,train
42051318310000,30.50657081604,-96.5865707397461,2706.623913388035,117.16511625071628,2595.0671169578522,2712.2322332085682,6.0,96.66666666666667,,,,,train
42051318560000,30.4923971,-96.6356667,2597.81031687007,113.20271637751307,2490.215920313091,2603.418636690604,13.0,97.77777777777777,,,,,train
42051319560000,30.3784599304199,-96.7342224121094,2625.242315992246,121.73711610441228,2509.113519708367,2630.85063581278,6.5,96.11111111111111,,,,,train
42051325170000,30.557982,-96.5645842,2593.847916996867,115.64111629948427,2483.815120517916,2599.4562368174,2.0,93.33333333333333,,,,,train
42051325270000,30.5567423,-96.5769011,2539.5935187330074,104.97311664086025,2435.656722058985,2540.6298386998455,4.0,82.77777777777777,,,,,train
42051325800000,30.55780735,-96.60253212,2493.2639202155547,112.59311639702027,2386.2791236390676,2498.8722400360884,0.0,95.55555555555556,,,,,train
42051326000000,30.5212482,-96.6290715,2561.843918020995,133.0147157435291,2445.715121737116,2578.729837480645,4.5,146.66666666666666,,,,,train
42051326100000,30.5518093109131,-96.5957565307617,2540.812718693993,124.78511600687628,2416.759122663708,2541.5442386705845,6.0,85.55555555555556,,,,,train
42051327690000,30.554465,-96.8899546,1867.2047402494484,132.7099157532827,1740.1031443166994,1872.813060069982,4.0,71.66666666666667,,,,,train
42051327840000,30.5663890838623,-96.5962829589844,2470.4039209470748,112.89791638726668,2361.59032442911,2474.488240816376,12.0,85.0,,,,,train
42123303590000,29.0602207183838,-97.4840087890625,4450.079857597444,127.52831591909388,593.7503809999878,721.2786969190818,3.5,42.22222222222222,,55.0617284,55.0617284,static,train
42123309360000,29.0124797821045,-97.4749221801758,4407.407858962949,119.93879616195852,647.6694992745761,767.6082954365346,3.5,42.22222222222222,,140.0,140.0,static,train
42123309670000,29.0129795074463,-97.483512878418,4450.079857597444,129.11327586837515,2932.1149461723217,3061.228222040697,7.5,98.88888888888889,,,,,train
42123309750000,28.9976596832275,-97.4899215698242,4450.079857597444,108.29543653454601,2991.032784286951,3099.328220821497,24.0,93.33333333333333,,176.3333333,176.3333333,static,train
42123309830000,29.1204204559326,-97.2090682983398,5258.409431730898,81.74735738408457,4953.060801502054,5034.80815888614,10.0,185.55555555555554,,,,,test
42123310090000,28.950080871582,-97.6438827514648,5073.700637641579,142.7683154314139,4671.974250496824,4814.742565928238,2.0,157.77777777777777,,,,,test
42127000690000,28.555290222168,-100.002128601074,2494.7879201667865,225.76535277550872,686.0742980456225,911.8396508211312,1.5,47.77777777777778,,,,,train
42127301140000,28.4919490814209,-99.8180313110352,2712.11031321247,189.49415393618705,2528.224479096817,2717.718633033004,3.0,92.22222222222223,,,,,train
42127308630000,28.4775009155273,-99.6453094482422,2415.5399227027224,166.54271467063313,2254.6055278526233,2421.1482425232566,4.0,104.44444444444444,,,,,train
42127309400000,28.4912562,-99.6338377,2428.9511222735637,155.2651150315163,2253.386327891638,2408.651442923154,3.0,103.33333333333333,,,,,test
42127310470000,28.3209896087646,-100.013389587402,2005.583935821314,247.6195120761756,1763.5727435656722,2011.1922556418476,4.0,74.44444444444444,,,,,train
42127310890000,28.5382709503174,-99.9290084838867,2104.643932651394,227.30459272625305,1648.8612672364393,1876.1658599626924,0.0,73.33333333333333,,,,,train
42127311200000,28.3841495513916,-99.8858184814453,2382.926323746358,215.92031309054997,2167.1279306519064,2383.048243742456,5.5,81.66666666666667,,,,,test
42127311560000,28.6076146,-99.5095954,2553.004718303849,194.39838577925164,2364.214652345131,2558.613038124383,7.0,84.44444444444444,,,,,test
42127311570000,28.6372331,-99.5258929,2895.599907340803,184.38875409955986,2716.819473061777,2901.2082271613367,15.0,95.55555555555556,,,,,test
42127311860000,28.30419921875,-99.7814102172852,2855.975908608771,203.42351349044756,1380.439155825947,1583.8626693163944,0.0,62.77777777777778,,,,,train
42127311880000,28.566058,-99.9418645,2118.969532192975,205.91677741066312,1918.0514746223528,2123.9682520330157,0.0,77.77777777777777,,,,,train
42127311920000,28.6215496063232,-99.4929809570313,2285.9999268480024,192.14591385133076,2099.462332817205,2291.6082466685357,6.0,81.11111111111111,,,,,test
42127312130000,28.5638453,-99.9002202,2148.839931237122,222.016312895478,1932.431938162178,2154.448251057656,8.0,80.55555555555556,,,,,train
42127315410000,28.5691204071045,-99.4377517700195,2302.1543263310614,165.59783470086927,2132.716011753088,2298.313846453957,15.0,81.11111111111111,,,,,train
42127315740000,28.250659942627,-100.058059692383,3510.9910876482854,227.50271271991318,3288.7918947586595,3516.2946074785723,5.0,126.66666666666667,,,,,train
42127316180000,28.3599491119385,-99.8479309082031,2567.0255178551834,198.54671364650517,2367.3815242437913,2565.9282378902963,5.0,88.33333333333333,,,,,train
42127316900000,28.2387504577637,-99.9299163818359,2495.0927201570335,258.8056717182185,2241.8953682593483,2500.701039977567,6.0,91.11111111111111,,,,,train
42127317010000,28.5812702178955,-99.7296524047852,2400.2999231904023,181.26455419953425,1982.3276965655136,2163.592250765048,4.5,77.22222222222223,,,,,train
42127317020000,28.5830097198486,-99.6340408325195,2538.9839187525145,175.07711439753234,2369.515124175516,2544.5922385730482,14.0,87.22222222222223,,,,,train
42127317180000,28.545690536499,-99.5916137695313,2520.0863193572377,153.74111508028432,2040.3311347094036,2194.072249789688,4.0,72.22222222222223,,,,,train
42127317320000,28.5649299621582,-99.9239196777344,2103.119932700162,201.09484156496507,1907.633410955731,2108.728252520696,8.0,84.44444444444444,,,,,train
42127317560000,28.2573699951172,-99.970703125,2453.639921483523,236.3419124370588,2208.5807293254165,2444.9226417624755,3.0,88.33333333333333,,,,,train
42127318560000,28.3958606719971,-99.4485778808594,3052.5719023176994,145.9687153290011,2912.2115068092317,3058.1802221382327,6.0,104.44444444444444,,,,,train
42127322920000,28.4678802490234,-100.018867492676,1920.239938552322,248.53391204691482,1677.314346325941,1925.8482583728555,0.0,71.11111111111111,,,,,test
42127323000000,28.4547691345215,-99.8231201171875,2311.907926018946,193.36511381231637,2124.151132027164,2317.5162458394802,20.5,87.22222222222223,,,,,train
42127328970000,28.6173191070557,-99.4589080810547,3098.901500835152,182.42279416247058,1758.665463722705,1941.0882578851756,6.5,71.11111111111111,,,,,train
42127332970000,28.5868876,-99.976459,2125.065531997903,221.8029529023055,1908.8708989161312,2130.673851818437,10.0,87.77777777777777,,,,,train
42149304080000,30.0134696960449,-96.848747253418,3482.3398885651236,136.9771156167323,2864.5103083356703,3001.4874239524024,4.5,95.55555555555556,,,,,test
42149304890000,30.0169105529785,-97.0212326049805,2535.0215188793113,120.51791614342667,2420.1119225564184,2540.6298386998455,6.5,85.55555555555556,,,,,train
42149305140000,30.0144290924072,-97.0548934936523,2410.9679228490268,114.42191633849868,2299.1063264285976,2413.5282427670963,5.5,83.33333333333333,,,,,train
42149305750000,29.8064498901367,-97.1780624389648,2456.6879213859866,122.04191609465867,2340.254325111862,2462.2962412065203,6.0,87.77777777777777,,,,,train
42149305880000,29.9019603729248,-97.1279907226563,2545.994318528182,138.80591555821067,2406.0911230050842,2544.8970385632947,5.5,86.66666666666667,,,,,train
42149307960000,29.9685001373291,-97.1075820922852,2293.619926604162,102.22991672864266,2197.9127296667925,2300.142646395435,6.5,79.44444444444444,,,,,train
42149308070000,29.9633903503418,-97.1136093139648,2285.9999268480024,100.40111678716426,2191.207129881372,2291.608246668536,3.5,77.77777777777777,,,,,train
42149308390000,29.9573022,-96.9214646,3105.911900610819,86.38031723582984,3015.9959034881313,3102.376220723961,7.0,101.66666666666667,,,,,train
42149308450000,29.7782001495361,-97.219482421875,2367.0767242535453,125.08991599712269,2250.64312797942,2375.7330439765424,9.0,81.11111111111111,,,,,train
42149323530000,29.9369297027588,-96.7750473022461,4023.359871252484,139.5679155338267,3889.400275539191,4028.968191073018,0.0,140.55555555555554,,,,,train
42149324840000,29.8008003234863,-97.08984375,2878.835907877251,129.3571158605723,2528.0111191036444,2657.3682349642163,0.0,93.33333333333333,,,,,test
42149325050000,30.0719299316406,-96.6577835083008,4223.308664854122,130.30199583033612,3935.2421940722497,4065.5441899025864,8.0,136.11111111111111,,,,,train
42161304400000,31.4227199554443,-96.226188659668,4662.525450799185,149.77871520708112,4518.355055412639,4668.133770619719,8.0,166.11111111111111,,175.5555556,175.5555556,static,train
42163304780000,28.8104991912842,-98.9015426635742,2057.399934163202,151.60751514855951,1911.4007388351763,2063.008253983736,7.5,70.55555555555556,,,,,test
42163306230000,28.647308,-98.9591873,2520.391119347484,145.72487533680396,2380.274563831214,2525.9994391680184,11.5,81.11111111111111,,,,,test
42163307280000,28.808780670166,-99.2956085205078,1927.859938308482,169.80407456626963,1763.6641835627463,1933.468258129016,0.0,66.66666666666667,,,,,test
42163317830000,28.8587398529053,-98.8501434326172,2042.1599346508822,196.71791370502675,1851.0503407663891,2047.7682544714157,5.0,76.66666666666667,,,,,train
42177301620000,29.386890411377,-97.8018188476563,1429.5119542556174,145.8163153338779,1289.3039587422734,1435.1202740761512,4.0,57.77777777777778,,,,,train
42177302180000,29.56183,-97.58174,1472.7935528706064,120.73127613659915,1357.670596554541,1478.40187269114,3.0,57.77777777777778,,,,,test
42177305970000,29.4163303375244,-97.5794219970703,2072.6399336755226,115.33631630923787,561.7463820241157,677.0826983333537,3.0,40.0,,,,,train
42177306900000,29.4102993011475,-97.5276107788086,2328.6719254824984,104.57687665353994,2212.634569195694,2317.2114458492338,15.5,83.33333333333333,,,,,train
42177306920000,29.502269744873,-97.5576782226563,3202.2286975286816,112.92839638629131,2483.479840528645,2596.408236914937,7.0,94.44444444444444,,,,,train
42177307020000,29.2304496765137,-97.6852416992188,2432.3039221662743,90.03791711878665,2347.8743248680216,2437.9122419868086,6.0,92.22222222222223,,,,,train
42177307630000,29.6441802978516,-97.2426300048828,2663.0375147827995,103.44911668962826,2565.196717913705,2668.6458346033332,4.0,88.88888888888889,,,,,train
42177307700000,29.5386905670166,-97.5593795776367,1704.4415454578705,140.32991550944269,1545.3359505492497,1685.6658660586922,3.0,65.55555555555556,,,,,train
42177308050000,29.4604892730713,-97.5900497436523,1894.3319393813779,132.40511576303632,1767.5351434388754,1899.9402592019119,0.0,69.44444444444444,,,,,train
42177308170000,29.3955897,-97.5864881,2122.6271320759315,103.75391667987466,2018.6903354019094,2122.444252081784,5.5,76.66666666666667,,,,,train
42177308260000,29.4301608,-97.6224486,1897.0751392935956,115.03151631899148,1817.522341839285,1932.5538581582764,9.0,69.44444444444444,,,,,train
42177308270000,29.4692379,-97.5735803,1948.8911376354836,127.22351592884749,1827.2759415271698,1954.4994574560174,5.0,75.55555555555556,,,,,train
42177308300000,29.3380977,-97.6113835,2253.691127881884,99.48671681642506,2159.8127308859926,2259.2994477024176,5.5,77.22222222222223,,,,,train
42177308340000,29.5721206665039,-97.4450378417969,2058.923934114434,132.7099157532827,1922.6783384742932,2055.3882542275755,4.5,75.55555555555556,,91.11111111,91.11111111,static,train
42177309080000,29.5762405395508,-97.3309631347656,2514.5999195328027,104.36351666036747,2415.8447226929693,2520.2082393533365,3.5,92.22222222222223,,,,,train
42177309100000,29.5535202026367,-97.4962692260742,1875.4343399861011,101.62031674814986,1778.5079430877458,1880.1282598358955,7.25,74.44444444444444,,79.44444444,79.44444444,static,train
42177309400000,29.2478031,-97.6816871,2369.8199241657626,85.34399726899208,2278.8676070762367,2364.211604345229,5.5,84.44444444444444,,,,,test
42177309850000,29.2868099212646,-97.6926193237305,2144.267931383426,114.72671632874507,2035.1495348752148,2149.8762512039602,8.5,74.44444444444444,,,,,train
42177313020000,29.2587890625,-97.6485900878906,2481.071920605699,88.51391716755464,2398.1663232586775,2486.680240426232,17.333333333333332,85.0,,,,,train
42177314470000,29.4173393249512,-97.5165176391602,2333.853525316687,101.31551675790345,2235.0983284768536,2336.413845234757,4.0,85.0,,,,,train
42177314700000,29.5542697906494,-97.3848724365234,2365.2479243120665,102.10799673254411,2268.7482474000562,2370.8562441326003,4.75,80.0,,,,,test
42177315540000,29.3862590789795,-97.5060806274414,2511.247119640092,96.13391692371465,2420.7215225369114,2516.8554394606263,5.0,89.44444444444444,,,,,train
42177319460000,29.4647197723389,-97.2960815429688,4125.772667975275,108.02111654332427,3372.3070920861733,3480.328208629497,22.466666666666665,110.0,,,,,train
42177320060000,29.374439239502,-97.3291473388672,3514.3438875409956,89.58071713341704,3430.371490228112,3519.9522073615294,124.5,108.88888888888889,,,,,train
42177320410000,29.27017,-97.71355,3449.7262896087586,116.40311627510027,3338.931493154192,3455.3346094292924,0.0,110.0,,,,,train
42185302150000,30.7744407653809,-96.0018920898438,3599.6878848099877,107.10671657258506,3498.1894880579366,3605.296204630522,0.0,120.0,,,,,train
42185302670000,30.7679025,-95.8894527,3541.471086672925,88.51391716755464,3449.7262896087586,3538.2402067763132,10.0,109.44444444444444,,,,,test
42185302710000,30.6613807678223,-96.0415496826172,3849.623876812036,97.65791687494665,2106.167932602626,2203.825849477573,8.0,80.0,,,,,train
42185302840000,30.7840900421143,-95.9781799316406,3240.3286963094815,108.02111654332427,3137.915899586691,3245.9370161300153,6.0,105.0,,,,,train
42185304230000,30.6749591827393,-95.9125518798828,4358.6398605235245,123.56591604589067,4240.682264298168,4364.248180344059,3.0,159.44444444444446,,,,,train
42225004270000,31.0765705108643,-95.6232528686523,3347.0086928957217,65.65391789907461,2748.686312042038,2814.3402299411127,2.0,75.55555555555556,,,,,test
42225305060000,31.1490948,-95.7157536,2743.199912217603,61.874398020019264,2686.933834018117,2748.8082320381363,8.166666666666666,93.88888888888889,,,,,test
42255300590000,29.1131591796875,-97.6539764404297,3642.359883444484,160.44671486570513,3487.5214883993126,3647.9682032650176,4.0,115.55555555555556,,,,,train
42255305980000,29.0242004394531,-97.8791275024414,5677.204618329452,116.25071627997707,5566.562221870009,5682.812938149987,6.5,192.22222222222223,,,,,train
42255307210000,28.9253406524658,-98.0309829711914,3464.6614891308323,131.4907157922971,3337.86469318833,3469.3554089806266,0.0,110.0,,,,,test
42255311960000,28.7645206451416,-97.8955078125,4157.7766669511475,131.39927579522316,4031.985710976457,4163.38498677168,33.2,143.88888888888889,,,,,test
42255312470000,28.7727794647217,-97.8702697753906,4175.455066385438,151.3027151583131,3999.5854720132647,4150.888187171578,9.333333333333334,150.0,,,,,train
42255313650000,28.8200656,-97.8407604,4920.995842528133,92.3543970446593,4512.990575584301,4605.344972628961,15.0,182.22222222222223,,,,,test
42283002040000,28.3369007110596,-98.9645614624023,6707.123785372039,149.9311152022043,5640.781019495007,5790.712134697213,6.0,187.77777777777777,,,,,train
42283307300000,28.5519790649414,-98.8994293212891,3354.3238926616355,129.9667158410651,3229.965496641104,3359.9322124821692,6.0,107.22222222222223,,,,,test
42283309180000,28.3768405914307,-98.8191375732422,3291.8398946611233,134.23391570451471,3163.2142987771426,3297.4482144816575,0.0,107.22222222222223,,,,,train
42283310960000,28.637300491333,-99.1301574707031,4029.151071067166,168.9811145926043,1045.7687665353994,1214.7498811280036,10.5,59.44444444444444,,,,,train
42283314640000,28.3430279,-99.0282499,3235.4518964655394,127.13207593177356,3113.928140354299,3241.0602162860723,7.5,103.33333333333333,,,,,test
42283314670000,28.3523807525635,-98.9853363037109,3237.8902963875107,147.46223528120845,3096.6459809073285,3244.108216188537,10.25,107.77777777777777,,,,,train
42283315220000,28.3641796112061,-98.950439453125,3163.823898757635,139.84223552504847,3029.5899830531207,3169.4322185781693,4.5,106.66666666666667,,,,,train
42283315230000,28.3143100738525,-99.0800399780273,3180.587898221187,117.16511625071628,3069.031101791005,3186.1962180417213,6.166666666666667,110.0,,,,,train
42283315400000,28.3236408233643,-99.0563583374023,3200.399897587203,119.32919618146572,3086.6790212262713,3206.0082174077374,8.75,102.22222222222223,,,,,train
42283315470000,28.1850395202637,-99.3649063110352,3123.895100035357,166.35983467648526,2960.0955852769416,3126.455419953427,5.75,107.22222222222223,,,,,train
42283315560000,28.5412406921387,-99.3112564086914,3044.951902561539,176.14391436339474,2756.153911803075,2932.2978261664693,32.0,86.66666666666667,,,,,train
42283315610000,28.223690032959,-99.2395477294922,3140.049499518416,162.7936747906024,2982.2545445678543,3145.0482193584576,6.0,117.22222222222223,,,,,train
42285307220000,29.3837108612061,-96.9355621337891,4421.123858524036,90.34271710903305,4336.389461235537,4426.7321783445705,6.0,157.22222222222223,,,,,test
42285313350000,29.5905609130859,-96.8588409423828,4330.598261420855,104.79023664671242,1092.5860450372465,1197.376281683959,17.5,52.22222222222222,,,,,not assigned
42285313800000,29.4767303466797,-96.9262619018555,4209.592665293035,103.99775667207179,2815.498469904049,2919.496226576121,3.5,93.33333333333333,,,,,train
42285315200000,29.4041614,-96.9765165,4370.83186013338,78.05927750210311,4298.380902451811,4376.440179953915,10.5,142.22222222222223,,,,,train
42287305100000,30.2210693359375,-96.8733825683594,2637.1295156118554,116.25071627997707,2524.6583192109338,2640.909035490911,3.5,93.33333333333333,,,,,train
42287305130000,30.3689096,-96.8269775,2371.3439241169945,107.71631655307786,2267.7119274332185,2375.428243986296,5.0,85.0,,,,,train
42287306420000,30.188159942627,-96.8804626464844,2684.068714109801,135.1483156752539,2554.528718255081,2689.677033930335,5.0,88.88888888888889,,,,,train
42287309060000,30.2338790893555,-96.8872299194336,2584.7039172894747,120.51791614342667,2469.794320966582,2590.3122371100085,4.0,93.33333333333333,,,,,train
42287309140000,30.1146106719971,-97.0047073364258,2481.071920605699,142.15871545092108,2344.5215249753114,2486.680240426232,5.583333333333333,94.44444444444444,,,,,train
42287309240000,30.2176498,-96.9730189,2363.7239243608346,147.9499152656027,2221.3823289157654,2369.332244181368,13.0,87.77777777777777,,,,,test
42287309370000,30.1863803863525,-96.9089813232422,2660.9039148510747,159.98951488033552,2506.522719791273,2666.5122346716084,0.0,92.22222222222223,,,,,test
42287309540000,30.2059917,-96.785361,2987.039904414723,123.87071603613708,2867.8631082283805,2991.7338242645174,8.0,111.11111111111111,,,,,test
42287312020000,30.1003894805908,-96.9654998779297,2651.7599151436825,156.4843149925019,2500.8839199717145,2657.3682349642163,3.5,89.44444444444444,,,,,train
42287312490000,30.1134395599365,-96.9636077880859,2610.611916460419,144.9019153631387,2466.7463210641176,2611.6482364272565,0.0,88.88888888888889,,,,,train
42287312500000,30.119891,-96.9732634,2570.9879177283865,142.7683154314139,2433.827922117506,2576.5962375489203,0.0,88.33333333333333,,,,,train
42287312830000,30.0990505218506,-96.9794692993164,2592.628717035881,150.3883151875739,2447.543921678595,2597.9322368661688,6.5,87.22222222222223,,,,,test
42287315320000,30.0340690612793,-97.0153427124023,2497.8359200692507,116.25071627997707,2387.1935236098075,2503.444239889784,5.0,79.44444444444444,,,,,test
42287325030000,30.1018390655518,-96.8996505737305,3124.1999000256033,126.91871593860108,3002.889503907536,3129.808219846137,7.0,114.44444444444444,,,,,train
42287325060000,30.1095611,-96.8936167,3087.623901196035,127.22351592884749,2966.0087050877214,3093.232221016569,6.0,131.11111111111111,,,,,train
42289301060000,31.3841304779053,-96.2493591308594,4616.805452262226,164.40911473890833,2709.367113300252,2873.7762280391607,10.0,95.55555555555556,,,,,train
42289303540000,31.3983001708984,-96.2179336547852,4663.439850769925,162.39743480328207,4416.429938674242,4578.827373477523,9.0,158.88888888888889,,,,,train
42289304430000,31.3668403625488,-96.2763519287109,3139.4398995379233,138.5011155679643,3006.5471037904927,3145.0482193584567,13.0,115.55555555555556,,,,,train
42289304700000,31.3542709350586,-96.2897262573242,3101.035100766877,140.02511551919628,2962.3511052047647,3102.376220723961,0.0,126.33333333333333,,,,,train
42289305780000,31.421760559082,-96.133056640625,3174.7966984065056,142.15871545092108,3038.2463027761182,3180.4050182270394,6.0,113.33333333333333,,,,,train
42289306600000,31.1850662,-95.8358094,2508.5039197278747,80.58911742114823,3128.467099889053,3209.0562173102007,0.0,110.0,,,,,train
42289306650000,31.3702691,-96.2237698,2971.799904902403,163.03751478279952,2433.370722132137,2596.4082369149364,4.5,91.11111111111111,,,,,test
42289308110000,31.2587699890137,-95.8369369506836,2927.9087063069214,95.21951695297545,2836.4687092330014,2931.688226185977,4.5,95.55555555555556,,,,,train
42289309370000,31.218552,-95.8741045,2971.799904902403,101.62031674814986,2875.787907974787,2977.4082247229367,0.0,98.88888888888889,,,,,train
42289309440000,31.2005574,-95.8560442,2987.039904414723,97.96271686519306,2895.2951073505565,2993.2578242157497,5.0,104.44444444444444,,,,,test
42289309510000,31.190692,-95.8233518,3078.479901488643,95.52431694322185,2988.5639043659553,3084.088221309177,7.0,94.44444444444444,,,,,train
42289309850000,31.2255239,-95.8854741,2845.307908950147,104.66831665061386,2746.2479121200668,2850.9162287706804,1.0,98.33333333333333,,,,,train
42289310220000,31.3786201477051,-96.2161483764648,2987.039904414723,169.13351458772752,2823.5147096475293,2992.6482242352567,5.0,111.11111111111111,,,,,train
42289310900000,31.4081802368164,-96.1793823242188,3108.959900513283,165.32351470964753,2949.2447056241695,3114.568220333817,2.0,113.33333333333333,,,,,test
42289310950000,31.3593159,-96.1249337,3032.759902951683,157.09391497299472,2881.2743077992222,3038.368222772217,5.75,104.44444444444444,,,,,train
42289311110000,31.3705196380615,-96.2381896972656,3078.479901488643,169.59071457309713,2894.99030736031,3064.581021933407,0.0,98.88888888888889,,,,,test
42289312310000,31.2534198760986,-96.2187576293945,5425.439826385926,131.52119579132173,2617.2870362468148,2748.8082320381363,7.0,82.22222222222223,,,,,train
42289312660000,31.201582,-96.2879547,5497.982224064569,120.21311615318028,2925.47030638495,3045.6834225381303,18.0,93.33333333333333,,,,,train
42289312770000,31.3001003265381,-96.1881637573242,3998.061472062033,141.85391546067467,1856.231940600578,1998.0858560612528,1.5,72.77777777777777,,,,,train
42289312850000,31.358028,-96.2378434,3124.1999000256033,154.6555150510235,2975.1527047951136,3129.808219846137,4.8,98.88888888888889,,,,,train
42289312900000,31.2446114,-96.2401321,5608.319820533766,134.53871569476112,5479.389424659538,5613.9281403543,15.45,196.11111111111111,,,,,train
42289313060000,31.3641700744629,-96.2517395019531,2956.5599053900833,170.80991453408274,2791.358310676534,2962.1682252106166,8.0,108.88888888888889,,,,,train
42289313140000,31.3279493,-96.3002746,2849.879908803843,113.50751636775946,2723.0831128613404,2836.5906292290997,0.0,102.22222222222223,,,,,train
42289313210000,31.358829498291,-96.2603225708008,3200.399897587203,164.10431474866192,2800.8071103741727,2964.9114251228343,13.75,110.0,,127.7777778,127.7777778,static,train
42289313250000,31.362190246582,-96.2648696899414,3200.399897587203,161.97071481693712,2800.1975103936797,2962.1682252106166,2.0,108.33333333333333,,,,,train
42289315440000,31.347869,-96.2308547,4876.7998439424055,150.69311517782032,4080.662269418807,4231.355384596628,11.25,150.0,,182.2222222,182.2222222,static,train
42289318670000,31.3769874,-96.1966752,3169.919898562563,158.80079491837455,3016.7274234647225,3175.528218383097,6.0,121.66666666666667,,,,,test
42293304160000,31.3964290618896,-96.2905578613281,3852.0622767340074,130.97255580887824,4031.4980309920634,4162.470586800941,0.0,140.55555555555554,,,,,train
42293304380000,31.3046703338623,-96.4498825073242,4008.119871740164,131.18591580205072,1290.8279586935053,1422.013874495556,14.0,64.44444444444444,,,,,train
42293304520000,31.410680770874,-96.2912826538086,4419.599858572805,141.85391546067467,1497.4823520805649,1639.3362675412395,4.0,62.22222222222222,,,,,test
42293305010000,31.4122295379639,-96.2710189819336,3906.621474988113,129.0523158703259,3783.1774789383207,3912.229794808646,4.0,147.77777777777777,,,,,train
42293308740000,31.4072608947754,-96.2876129150391,2963.2655051755037,140.02511551919628,2828.543909486595,2968.569025005791,5.5,107.77777777777777,,,,,train
42293309280000,31.4112300872803,-96.2669296264648,2962.3511052047647,134.02055571134224,2833.9388693139563,2967.959425025299,16.5,104.44444444444444,,,,,train
42293312300000,31.3873195648193,-96.2948303222656,4317.491861840261,129.6619158508187,3807.866278148279,3937.5281939990978,11.5,137.77777777777777,,,,,train
42311001580000,28.5950698852539,-98.6642303466797,5985.052608478317,133.22807573670158,5062.514477999536,5195.742553736239,5.0,156.66666666666666,,,,,train
42311006770000,28.4822998046875,-98.3486709594727,3850.2334767925286,79.97951744065544,3716.7310810646054,3796.710598505261,3.0,135.55555555555554,,,,,train
42311013640000,28.319860458374,-98.6931991577148,4392.472659440875,108.72215652089099,4277.227783128711,4385.949939649602,4.0,160.55555555555554,,,,,train
42311317850000,28.5950794219971,-98.4374923706055,7326.477365552724,117.77471623120907,5831.433413394131,5949.20812962534,11.0,166.66666666666666,,,,,train
42313300420000,30.9458387,-96.0425662,3969.105472988625,103.75391667987466,2523.743919240195,2627.497835920069,2.0,88.88888888888889,,,,,test
42313302370000,31.0057792663574,-95.8151092529297,3352.7998927104036,81.33587739725192,2786.9539508174735,2868.2898282147253,7.0,76.66666666666667,,,,,train
42313302910000,30.9198965,-95.6429962,3964.2286731446825,59.48171809658502,3910.355274868631,3969.8369929652167,10.0,120.0,,,,,train
42313304420000,30.8759803771973,-96.0404434204102,2971.495104912157,101.62031674814986,2871.215908121091,2972.836224869241,8.5,103.88888888888889,,,,,train
42313305590000,30.8724193572998,-96.0282821655273,2987.039904414723,100.26090879165092,2892.3873154436055,2992.6482242352567,2.0,104.44444444444444,,,,,train
42313311010000,0.0,0.0,3562.5022859999267,63.215517977103424,3504.895087843357,3568.110605820461,7.0,110.0,,,,,train
42323000820000,28.780309677124,-100.245872497559,2431.694322185782,220.88855293156632,994.2270881847332,1215.1156411162997,2.0,57.22222222222222,,,,,train
42323300710000,28.774019241333,-100.422317504883,2388.412723570793,278.5567110861852,1935.0227380792724,2213.579449165458,5.0,82.77777777777777,,,,,test
42323300720000,28.6082401275635,-100.325531005859,4648.199851257605,241.95023225759255,3143.280379415028,3385.230611672621,3.0,128.88888888888889,,,,,train
42323306640000,28.4841403961182,-100.209129333496,1676.3999463552018,258.5953597249485,1424.6321064117726,1683.227466136721,2.0,70.0,,,,,train
42323307960000,28.2869491577148,-100.276588439941,2987.039904414723,207.99551334414357,2784.652710891113,2992.6482242352567,0.0,113.33333333333333,,,,,test
42323312460000,28.818510055542,-100.506156921387,2318.003925823874,271.27199131929626,1549.7860304068472,1821.0580217261431,3.0,72.77777777777777,,,,,test
42323312560000,28.7701797485352,-100.437492370605,2453.639921483523,281.452310993526,1697.1263456919569,1978.5786566854829,11.0,65.55555555555556,,,,,train
42323312660000,28.7829494476318,-100.503273010254,2219.248728984041,240.79199229465624,1652.503627119884,1893.2956194145404,8.0,80.55555555555556,,,,,train
42323324740000,28.7893695831299,-100.179023742676,3240.0238963192355,214.88399312371223,2213.884249155704,2428.768242279416,6.833333333333333,86.66666666666667,,,,,train
42323329160000,28.8172,-100.35157,2351.8367247412248,248.1376720595945,1769.1505833871813,2017.2882554467758,0.0,77.77777777777777,,,,,train
42395300370000,31.2503484,-96.4604652,3948.3790736518695,154.6555150510235,3797.5030784799014,3952.158593530925,19.0,130.0,,,,,train
42395302780000,30.9904098510742,-96.5720977783203,2153.7167310810646,131.7955157825435,2027.5295351190548,2159.3250509015984,13.0,88.88888888888889,,,,,train
42395302880000,31.107759475708,-96.4892807006836,4385.462259665208,162.06215481401102,4229.313224661976,4391.375379475989,12.0,151.66666666666666,,,,,train
42395302890000,30.9007091522217,-96.3743286132813,2423.1599224588826,134.05103571036685,2262.7132075931777,2396.7642433035444,3.0,85.0,,109.4444444,109.4444444,static,train
42395303030000,30.9360904693604,-96.3556823730469,2584.3991172992282,140.93951548993547,2449.0679216298267,2590.007437119762,8.0,87.77777777777777,,,,,train
42395303790000,31.312219619751,-96.333869934082,2800.502310383926,113.50751636775946,2696.2607137196574,2809.7682300874167,6.5,97.77777777777777,,,,,train
42395304350000,31.2548622,-96.3456171,4498.8478560368685,131.7955157825435,2822.752709671913,2954.548225454457,6.0,118.33333333333333,,,,,train
42395304440000,31.0728797912598,-96.4245529174805,4815.839845893125,133.9291157142683,4687.519049999391,4821.448165713659,10.0,181.11111111111111,,,,,train
42395304830000,31.1543855,-96.3281579,5140.451835505542,119.60351617268748,4494.58065617342,4614.184172346107,6.0,165.55555555555554,,,,,test
42395307330000,31.11428,-96.52916,3544.214286585143,157.3987149632411,3389.985491520464,3547.3842064837054,0.0,112.22222222222223,,,,,train
42477303240000,30.2176267,-96.7303019,3159.251898903939,104.66831665061386,2770.631911339779,2875.3002279903926,10.0,100.0,,,,,train
42477304680000,30.3794193267822,-96.314697265625,3846.8806768998184,71.74991770400264,3778.910279074871,3850.6601967788743,11.0,118.33333333333333,,,,,train
42477305280000,30.3120193481445,-96.3688278198242,4084.3198693017644,131.4907157922971,3321.7102937052705,3453.201009497568,5.5,96.11111111111111,,165.5555556,165.5555556,static,train
42477305490000,30.343469619751,-96.3499908447266,4165.091866717061,99.18191682617865,3603.040684702698,3702.2226015288766,8.5,121.66666666666667,,,,,train
42479352780000,27.9750099182129,-99.6707763671875,3047.9999024640033,197.17511369039636,1903.3235390936468,2100.498652784043,5.083333333333333,76.66666666666667,,,,,test
42493302300000,29.0222206115723,-98.238639831543,2119.2743321832213,142.0977554528718,1891.344899476963,2033.442654929835,3.5,72.22222222222223,,,,,train
42493303910000,29.1937999725342,-98.1346588134766,1490.776752295144,158.55695492617747,1337.8281171895003,1496.3850721156778,1.0,63.333333333333336,,,,,train
42493306840000,28.9323101043701,-98.2321090698242,2660.9039148510747,118.26239621560332,2548.249838456005,2666.5122346716084,9.75,75.55555555555556,,,,,test
42493307780000,29.1312694549561,-97.9936828613281,1999.1831360261397,120.82271613367308,1721.2055449214226,1842.0282610550955,4.0,64.44444444444444,,,,,train
42493308380000,29.2278900146484,-98.0029373168945,1588.0079491837457,126.46151595323148,1467.154753051048,1593.6162690042793,5.0,64.44444444444444,,,,,train
42493309720000,29.0467891693115,-98.1272430419922,2235.7079284573465,125.54711598249229,2115.769132295388,2241.3162482778803,5.0,81.11111111111111,,,,,train
42493310750000,29.1159801483154,-98.0530471801758,1947.9767376647444,136.7637556235598,1718.370905012131,1855.1346606356908,12.5,65.55555555555556,,,,,train
42493311060000,29.1275196075439,-98.3148880004883,1481.0231526072591,176.60111434876433,1310.0303580790285,1486.6314724277931,4.0,57.22222222222222,,,,,test
42493311680000,29.0937404632568,-98.1246185302734,1933.95593811341,145.42007534655755,1794.1441825873862,1939.5642579339437,3.0,67.22222222222223,,,,,test
42493312560000,29.0413703918457,-98.3375701904297,1821.179941722242,164.40911473890833,1662.3791468038673,1826.7882615427754,4.0,69.44444444444444,,,,,train
42493316260000,29.0763893127441,-98.1378784179688,1990.0391363187478,127.86359590836493,1865.955060289438,1993.818656197803,0.0,76.66666666666667,,,,,train
42493316680000,29.0552997589111,-98.1522827148438,2097.3287328854803,117.98807622438156,1985.2537764718793,2103.2418526962606,4.0,72.77777777777777,,,,,train
42493317790000,29.0953944,-98.1109776,1959.2543373038611,136.916155618683,1827.946501505712,1964.862657124395,4.0,73.33333333333333,,,,,train
42493318190000,29.078411,-98.1103568,2108.9111325148438,133.25855573572622,1975.4696967849698,2108.728252520696,3.0,76.66666666666667,,,,,train
42493319370000,29.0316791534424,-98.1756591796875,2231.13592860365,140.93951548993547,2095.8047329342485,2236.7442484241838,5.0,78.88888888888889,,,,,train
42493322270000,29.0596199035645,-98.2101211547852,1947.671937674498,148.55951524609551,1804.7207422489362,1953.2802574950317,6.0,73.33333333333333,,,,,test
42507007550000,28.7751808166504,-99.5623931884766,4923.129442459858,233.5987125248412,1296.619158508187,1530.2178710330281,4.0,65.55555555555556,,,,,train
42507312420000,28.7429008483887,-100.077453613281,3084.5759012935714,201.38135355579666,992.9469282256982,1194.328281781495,3.0,54.44444444444444,,,,,test
42507312960000,29.0759105682373,-100.006370544434,2191.8167298618646,255.9862718084393,1929.246778264103,2185.2330500725425,9.0,67.22222222222223,,,,,train
42507326870000,29.0019048,-99.5868977,1224.0767608295437,240.1519123151388,989.5331683349386,1229.6850806500775,4.0,50.0,,78.88888889,78.88888889,static,train
