,GR,NPHI_SS,NPHI_LS,DPHI_SS,DPHI_LS,PEFZ,RHOB,CAL,UWI
0,1.142,0.1265226746205691,0.056289408397502766,0.05945523581968645,0.0797983537123753,3.5873065508351667,30.175646523368528,7.5523,100010107020W500
1,21.8775,0.1112,-0.0013404639108476613,-0.08695825490602652,-0.0926,4.1623,2873.4011,206.7875,100010608109W500
2,42.4504,0.14996239197366643,0.0576,-0.09488461376172538,-0.0828,4.707042562803008,2851.5955,211.8617,100010904012W500
3,28.4555,0.27489838471573397,0.1593,0.051154627501955555,0.0709,3.504783519006895,2614.1282,202.6417,100011206021W400
4,5.145089990286365,0.17524460689793764,0.1127,0.20590517392789,0.1955,1.8674,2374.4663,207.7325,100011506915W500
5,115.9965,0.37355989731424194,0.2769,-4.9753890205700424e-05,0.0393,3.2945,2642.8435,221.8772,100011804403W500
6,37.0213,0.1429243663498804,0.0314,-0.03744366578611201,-0.0165,5.5395,2735.8147,202.3192,100011806718W500
7,19.2035,0.11400385561149437,0.0241,0.0032999647417000025,0.003,4.4738,2703.8923,223.9442,100012306427W500
8,106.307,0.1113181352559775,0.11030233358323002,-0.006406486866856076,0.033925787412558195,4.391575878373306,-381.7343738878552,6.9436,100012404516W502
9,159.067,0.3214343276294718,0.27294283575303724,0.09433191499779911,0.14329127311750425,2.379993351921442,217.0613793374115,44.24135175599285,100012706026W400
10,106.4669,0.35650689613576414,0.2729,0.13167433145286175,0.1646,3.5153829096409686,2433.5044,277.4241,100012805703W500
11,52.18129512640384,0.17181238291392004,0.11506629537350152,0.05964594318764399,0.08961384598634468,3.3353709416498876,-40.00217816322299,7.8787,100012906918W500
12,134.211,0.358568130497934,0.2814890896122877,0.12847307499876284,0.17449574372047866,1.5455552656428706,110.18393576680057,8.6164,100013603712W500
13,8.5353,0.11308710654150697,0.05235523463230887,0.04738893093860924,0.06905117946687543,3.8027838407271197,-18.033168510645623,8.7312,100020106719W500
14,10.7345,0.1556,0.08275798273206475,-0.1075,-0.0601,3.8815053057855353,2.801,7.9095,100020107808W500
15,66.0404,0.15427070422562197,0.11280307253939223,0.04130273110174437,0.07406151064065994,3.6286838572455555,-138.72685197439034,6.9976,100020206322W500
16,51.70718788892556,0.16665193034102016,0.11155184811552285,0.05677742227329788,0.08664363274626416,3.3953935805218625,-50.56527908626492,7.8496,100020206419W500
17,79.386,0.1751,0.1463,-0.0038560051565207087,0.0275,3.1241225422947743,2668.3357,218.4256,100020206508W500
18,170.4366,0.3474460346777642,0.2964246203863997,0.10220106700835388,0.15511876478091866,1.8919336724012825,-48.637423534103505,8.0016,100020403021W400
19,56.55781914060505,0.2068161721138535,0.13948800420542573,0.07970489886349541,0.10939778160430963,3.1170809375538107,241.8890064237795,35.26328457669892,100020605904W500
20,6.4943,0.11174362337616356,0.05028268113314041,0.04768132379840896,0.06894481456776397,3.8081591208061876,-12.681762446499192,8.8932,100020606216W500
21,53.8651,0.1815455882811712,0.12247118831585249,0.06442437550298438,0.09487893189822569,3.228576017895364,-25.486734899634826,7.8263,100020606512W500
22,102.5153,0.3839,0.333,0.02813394224231433,0.0817,2.3988112583911283,2571.4038,246.5575,100020807907W500
23,1.4623,0.11250956846158572,0.04771284937396886,0.05090459462801068,0.0711589908046844,3.7757796354196818,15.23580022006729,9.9527,100021106720W500
24,16.1919,0.1729447816455478,0.0665,-0.01262005765177121,-0.0044,4.303895552268076,2702.4177,218.842,100021306113W500
25,3.3102,0.13148153298762238,0.06068466491285443,0.061342699470909756,0.0820532153847793,3.54628484093406,42.43414961567498,8.6109,100021406411W500
26,9.1686,0.12081812083851629,0.05759001945408054,0.05159757467136812,0.07354151436037265,3.6937709470459765,-24.78864444166436,5.8667,100021406418W500
27,14.4934,0.2492427397870977,0.14055630444092307,0.12898611950276198,0.14931985514140575,2.487995831051374,675.4349991601786,59.224154542459516,100021503426W400
28,0.6576,0.12901749822399192,0.0591,0.02581050484294481,0.047615942708382056,3.7129220005292947,24.662481277542724,7.8445,100021506315W500
29,26.2768,0.14104670603340586,0.08052929304565817,0.054743293182315106,0.07987016418360943,3.5611545648786103,-21.492741105614982,7.9627,100021506419W500
30,14.0394,0.10137447445198391,0.0036,-0.023366360735167242,-0.0233,4.661631224783694,2734.7485,224.8634,100021506718W500
31,38.3693684963812,0.0747,-0.0025678341827985174,-0.12321468555414405,-0.1139,4.706,2904.8,240.27239375668836,100021708007W500
32,113.7889,0.2723652451230982,0.21535187870427028,0.08718811524159831,0.1292128307894022,2.4722458731784105,-26.35754663744126,7.675,100021805706W500
33,4.012,0.08953222369424396,0.034916861705217184,0.03556290366341375,0.05630740535217811,4.065523752922484,-55.042925068272666,8.9861,100021806218W500
34,162.0369,0.2837452721318224,0.25159605573562216,0.06806942659873452,0.11932726283913288,2.6134869327265102,-176.68258765088183,6.8616,100021806318W500
35,64.77677678742317,0.2923371970617289,0.19785571681390085,0.1280281713022697,0.1580370460070501,2.263313213049198,601.0278108705289,59.58038179146716,100021906119W500
36,75.3967,0.19037899160580307,0.0989,0.009704941552437146,0.0218,3.952267698604408,2669.2749,227.9907,100022005123W400
37,7.9544398428088385,-0.027030886725875947,-0.0273,0.03525235597305339,0.0603,5.488743706276955,2.6275,8.0647,100022006107W600
38,21.0206,0.24732167174839897,0.14192393838225612,0.13117901319318906,0.14552159157532504,3.4767276577856947,1783.5552440209258,203.2011,100022007907W500
39,112.1872,0.3547863426365026,0.2582,0.03516992217738074,0.0701,3.224,2591.6587,228.8419,100022008108W500
40,1.0459,0.10567346381360398,0.04319906337388804,0.04695897611598843,0.06715087832194891,3.8531591658175843,-3.8316384515409254,9.3719,100022106317W500
41,59.285776119235166,0.2492806291317477,0.16781874522774895,0.10269824638861766,0.1342087615935863,2.431819338595419,115.65375275471627,7.9383,100022208108W500
42,0.352,0.08489248067184343,0.02982492947637963,0.034646773135785416,0.05476830888271101,4.090407527609723,-65.49628069305152,7.393,100022306625W500
43,52.940856509975916,0.18006057242706416,0.1206844476455077,0.06423217580239976,0.09436039394124612,3.239780771790843,-22.71368919781696,7.9776,100022406617W500
44,51.20214787040972,0.1617581963569176,0.10819251236844371,0.05401518273834596,0.08385446622088155,3.4414764447246466,-73.23916932938744,6.1848,100022706319W500
45,50.03933548968031,0.138989152327607,0.09319637006766926,0.04137954486032949,0.07082181328489469,3.794207063885052,-42.9452177926122,15.977310923606524,100022706625W500
46,7.6509,0.10652229025880255,0.04772143558615413,0.043894859001623376,0.06536801068907275,3.878838757735382,-28.933971452180117,8.8966,100022806320W500
47,51.801785807979414,0.16768594823453245,0.11225585844384339,0.057351894473471304,0.08723898368563429,3.383288320255818,-48.54017466234461,7.8436,100022806419W500
48,123.3297,0.3189397867976439,0.25018571520723776,0.11028697726334658,0.15419972762186712,1.9612647436100392,50.88177474560973,7.9541,100023008008W500
49,30.5129,0.08974551156371915,-0.0004,-0.01988314691008583,-0.0199,4.679804487916354,2749.1602,228.3779,100023206413W500
50,109.9599,0.2327504892000865,0.18830049018454262,0.06528963823760492,0.10646204600495146,2.9398392149198354,-97.8057580968433,8.6299,100023206414W500
51,65.3746,0.22081607041704787,0.1539247345348246,0.08208511299409535,0.11473606980104822,2.8249761706955097,35.72309224741741,9.1185,100023303322W400
52,57.030173028353275,0.21173117354763923,0.14284247044729195,0.08248209842894219,0.11219314162745558,3.068013826950097,262.5291675988757,36.66081889938668,100023306507W500
53,9.30592393277368,0.11306457472972978,0.011,0.00352280816803488,0.0043,4.329486749015627,2821.7734,213.946,100023407808W500
54,54.46254329152681,0.2159328931478259,0.1221006641439781,0.03626731797376645,0.0532,3.9437521631444747,2618.9714,214.8587,100023506212W500
55,103.9737,0.23081999539989262,0.1834809547015585,0.06734201558955469,0.10737381103849945,2.9279114524134924,-81.28127966169711,8.6146,100023506213W500
56,145.161,0.0615,0.0268,0.0217,0.0618,2.7757,2612.1658,199.5246,100023608010W500
57,12.4786,0.21691967424600497,0.11766818534629969,0.11797033572038709,0.12996435009604812,3.880916213178362,1845.4724411988545,216.2384,100030906512W500
58,13.6129,0.07679704638734153,0.0044,0.06949362930039285,0.0735,4.925958362153775,2602.833,224.0415,100031204517W500
59,27.2961,0.18545112557187313,0.1155,-0.01915731418637795,0.0114,3.630695810687755,2.6905,9.3481,100031305615W500
60,533.2039,0.020037149665766987,0.1163,0.0785908890514632,0.113,2.4893,3524.6528,191.0519,100031508009W500
61,184.1587,0.3152156428854858,0.28424308275215227,0.0767154458610457,0.13095646858230356,2.5566116304152358,48.70126948212794,35.854971082561846,100032106921W500
62,128.74,0.11438853188807999,0.066,0.05044754646900447,0.0706,3.7509916621794224,2591.5525,139.8831,100032205219W500
63,174.7685,0.18244651797577885,0.1342,-0.0065422987693005,0.0176,3.934837007012394,2689.6733,216.7968,100032206603W600
64,26.6456,0.10143641947445015,0.0027,-0.01309018880648661,0.0005,4.814,2709.145,154.6992,100032405416W500
65,13.448,0.1484,0.1076,-0.03290358534681434,0.003,3.3336318217546848,2.7703,9.2681,100032506117W500
66,21.9761,0.04010878735412088,0.0072,0.3186537235521655,0.3146,5.517869269799854,2182.2346,346.6871,100032604920W500
67,35.5436,0.1874754418078608,0.1043,0.09820081405163525,0.1137,4.202854411448619,2516.7087,220.8856,100033006726W500
68,15.0347,0.20469895402401894,0.11347640719839111,0.09937549880625154,0.12247790228262216,2.7178791231108095,168.3333324102797,8.1493,100033008009W500
69,45.6306,0.14630647328218907,0.0853,0.015007546118274928,0.0408,3.5013346245889294,2.6403,8.4153,100033206015W500
70,37.499418737228865,0.2022478681340127,0.13060286953584604,0.08933078434669023,0.0731,3.5461,2585.0,375.7444,100033206322W500
71,22.3739,0.1518285125987228,0.08423321483078466,0.06180537419548959,0.08598718396143964,3.409381182477004,2.7648,9.0122,100040206609W500
72,0.3062,0.1468982556495348,0.06850333776207626,0.07225974557376746,0.09247460024255805,3.334379851119764,81.99592911199682,7.7159,100040207011W500
73,52.265057022021566,0.1729398346592272,0.11582464261919409,0.060257646683527455,0.09027261917155566,3.3183824565348803,-42.219589041877384,7.2997,100040306718W500
74,46.185,0.0794,0.0346,0.00376651251922586,-0.0077,2.425,2728.3999,227.025,100040403610W500
75,103.886,0.15938614119067313,0.0824,-0.017939431374760714,0.0015,3.5760506989230043,2709.8621,138.5493,100040506215W500
76,62.50393973753411,0.28442142061129805,0.19174589799451422,0.12222399851443663,0.15443995713104133,2.0210671436692094,185.22549511262616,7.8313,100040705920W400
77,86.3423,0.21719806372267042,0.16433889805392252,0.06853978763813773,0.10523845797699898,2.9845914284412176,-57.53928051570654,7.7576,100040706512W500
78,89.0999,0.17738910157534402,0.14114305754710024,0.04297873674501637,0.0800751751031635,3.4937056704409795,-152.50498636027646,8.7392,100040706523W500
79,89.0318,0.38414256910298805,0.2772,0.06086293698611542,0.0957,3.1372476428965124,2580.9988,232.3599,100040808007W500
80,258.9911,-0.02243322838084652,-0.0007,0.09138084557482658,0.074,2.1571,2583.7219,221.013,100040907910W500
81,55.414158292724906,0.206826427215459,0.1389197376937163,0.07912118940394225,0.10975900642486068,2.931243058547579,35.3247250056512,8.549,100041007824W500
82,10.8915,0.11745410577571094,0.05650067703091355,0.048784635202438725,0.07088348548082377,3.76579302680742,-13.150474162536625,9.1134,100041106519W500
83,54.26449362854943,0.19454314969618314,0.13054427160044954,0.07227730767685794,0.10269960165287881,3.069976466418514,5.350495959101977,7.8548,100041206410W500
84,80.0521,0.29764887917002664,0.1959,-0.018238451794693827,0.0098,3.58201320053257,2683.9409,204.3338,100041206613W500
85,172.1808,0.18324028970864065,0.1321,0.04457457776014183,0.0522,3.583678393382962,2.6208,243.722,100041206926W500
86,59.474869837751626,0.25134954544721855,0.1692272779600513,0.10384754165981422,0.1354000611688843,2.407562798143288,119.66397978295038,7.9209,100041407808W500
87,67.6209,0.12596652605293004,0.0960699544970163,0.023392208146179427,0.0562978517168127,3.9963576548048465,-195.093948198038,8.9406,100041603305W500
88,50.09520134469746,0.14910658074371583,0.09960283743983384,0.047024526536777564,0.07654503612406575,3.5994606669259808,-86.48841091176917,7.7495,100041606219W500
89,69.091,0.1566036988749135,0.0982,-0.024443430773605557,0.0036,3.467180294461379,2.7051,8.8952,100041706214W500
90,129.1671,0.32792937154957186,0.25931296570740003,0.11264039169315071,0.15762674007423347,1.892550713220115,59.41023264782518,8.9903,100041708009W500
91,48.78191801815082,0.13453472767379812,0.08969109470258618,0.0389438202567326,0.06814522862255887,3.7739308808581806,-110.49888380314758,8.4198,100041806523W500
92,63.8383,0.14499156904894067,0.10566285369292558,0.036957714415980863,0.06918022120310172,3.7415309978747633,-137.2096990230424,8.9525,100041903905W500
93,36.65264464641315,0.002359266109223851,-0.000318228548831484,-0.034517362094947185,-0.007938303873334399,5.314057890039459,-377.8322614646207,8.0911,100042103812W500
94,59.400298705466426,0.25014284614175053,0.16842284390485993,0.10320425978746478,0.13468749529348376,2.4286930760621273,125.47975442607833,8.9859,100042108108W500
95,132.8537,0.19464236281122438,0.1783248535840177,0.02991790623945309,0.07531854477160456,3.5472954830602577,-259.98939372685743,9.6069,100042203707W500
96,50.32274782232936,0.14193815318787875,0.09520904981278913,0.04304586459959758,0.07249902929878227,3.764766797522824,-30.56112108754894,16.815831517219237,100042206623W500
97,210.9261,0.349742321094063,0.32233042058980976,0.08166669763466755,0.1424214866549568,2.086326344238401,-207.52356266092727,5.3142,100042206918W500
98,48.81121538153492,0.1262101485997637,0.0844747578388167,0.034158825990167785,0.063553877224715,3.921781551454705,-96.60963684787191,12.343721684618245,100042304007W500
99,37.886978499107286,0.21781717514962112,0.1478,0.18865030317747938,0.2081,3.289,2354.1128,185.2497,100042606601W600
100,0.3993,0.18311686153379317,0.0911681404616779,0.09416696791932086,0.11445760669765007,2.893668223750899,167.95663385507135,7.9339,100042608008W500
101,49.85039393458136,0.13702315175409283,0.09185458357092277,0.040268665034150886,0.06970366927563629,3.813833908126537,-51.20128226264876,15.41829719453159,100042706322W500
102,99.5089,0.17386367809960013,0.0932,0.027545691624303356,0.0293,3.6222,2.6645,219.2359,100042803323W400
103,97.0956,0.2899186527699651,0.21621696154604067,0.10688300789753147,0.14569191966591677,2.168495967700016,85.4342180165687,9.1747,100042808108W500
104,11.6159,0.2138511225589097,0.0874,-0.07300452863301479,-0.0623,3.9485138172543106,2819.2383,195.8783,100043008007W500
105,54.5644203902374,0.1975060961882972,0.13257540411384044,0.07394529318074597,0.10439122948333322,3.0409309807663667,17.742196324431575,8.6899,100043106509W500
106,2.0798,0.12561140537007331,0.05628265889522735,0.058419443059860465,0.07891594268098787,3.6068750255971596,28.29301060415412,8.004,100043107019W500
107,52.45335458593651,0.1750156158353622,0.11723716764507633,0.06140967744782927,0.09146857856631227,3.293767131150567,-38.521072125758906,7.2402,100043206618W500
108,147.4807,0.13813216940349032,0.086,0.03311295335201381,0.048,4.003523942849229,2557.5801,221.3543,100043306616W500
109,52.670975601752176,0.1768385548987689,0.11850265109316269,0.062460956297422515,0.09249291050138164,3.282366340584401,-23.34184975036885,8.7313,100043406718W500
110,10.9007,0.15443937372144756,0.0545,-0.01736892714130641,-0.0146,4.5405,2734.966,238.5821,100043505018W500
111,130.7182,0.2243,0.1727,-0.011951733329921749,0.0174,3.4069099169621677,2702.2166,225.6313,100043506919W500
112,138.8951,0.30486480516768294,0.25042510047033606,0.0951465972748913,0.14022055102848652,2.462762814133816,250.24222786679195,44.32679309829227,100043606507W500
113,97.2229,0.21142141162607841,0.16702863271191273,0.06018617436990886,0.09822359751652093,3.250780788188285,38.305574116826506,26.228912781659005,100050506418W500
114,35.5422,0.058713267803038205,0.0018,0.13248265086485322,0.137,4.797339735545475,2583.7102,223.0896,100050705624W502
115,221.9289,0.3034409018590359,0.3000262461348866,0.04790707313131348,0.11042470546120253,2.7472178697896608,-317.59229766943724,10.0008,100050806905W600
116,30.4687,0.13942511992326023,0.0502,0.018985533248426445,0.0276,4.425177351829338,2679.8765,213.2154,100051006826W500
117,106.1409,0.0969,0.0558,0.042693502052169034,0.0403,2.7291,2641.087,203.1645,100052107723W500
118,173.4777,0.2263599670401906,0.174,0.0732956598885042,0.0871,3.377117958746651,2.73,239.7316,100052206625W500
119,205.9866,0.10729660603212479,0.0787,0.05491280555651032,0.071,3.767076960528065,2505.2786,209.3533,100053106213W500
120,152.8043,0.20317583046962,0.1413,-0.009093477839855854,0.0238,3.6809,2669.302,150.4069,100053106224W500
121,54.49391134841302,0.19626437141796754,0.1317506008267965,0.07328805444571151,0.10365488856708342,3.0638918288380044,25.1483589029732,9.9697,100053106506W500
122,63.8234,0.22342697507028103,0.1153,-0.06164072748754059,-0.0494,4.054421927185959,2753.7908,243.0585,100053408009W500
123,46.6899,0.12030664799316923,0.0446,0.08530033249423077,0.0935,4.255439153894416,2528.3811,207.4892,100053606118W500
124,2.365,0.11849127449153196,0.052009137668605154,0.05395534791955156,0.07448812592729732,3.696120707675189,11.323627826064808,8.0883,100060106315W500
125,50.560419864768406,0.16413355140288655,0.11086570839852716,0.06211715311871682,0.0924,3.446268569991117,-64.13654452807066,8.3544,100060305107W500
126,171.845,0.3506629569259761,0.2992745536467827,0.10343736060088468,0.15657981320112002,1.867070420748246,-38.545568480146244,8.9607,100060306506W500
127,52.29632831059679,0.17267019728169125,0.11566783367230676,0.06015020223224268,0.09008959120345363,3.3324747787168083,-29.976267393840203,8.9533,100060404101W500
128,50.0033,0.15502707064382917,0.10358299918508448,0.05044166432803002,0.08010361951931831,3.5308163568837245,-72.53816017076213,7.9817,100060505514W500
129,48.3650026711813,0.1307308273030502,0.0870682291910119,0.036778294235255304,0.06598930035722939,3.8049913331966696,-133.68207274289296,6.4067,100060506322W500
130,1.1658,0.16064692996397711,0.07759707372722982,0.08017124963571298,0.10052895831907821,3.177270368840978,118.27007418679852,8.6307,100060603720W400
131,93.8859,0.08285079663634162,0.0438,-0.05499359052516574,-0.0318,3.8372463479072163,2.7602,8.7364,100060605514W500
132,50.20938164118276,0.14997174915462144,0.10020865251869757,0.04753171600273161,0.07702577321427666,3.5961801524384676,-76.79642237649375,8.779,100060606219W500
133,18.4207,0.09422324397471454,0.007,0.04008085375756714,0.0407,4.637522907510261,2639.6804,230.0609,100060606515W500
134,189.6778,0.4314466324325037,0.3587045776611919,0.151955005524806,0.19869652108962965,2.225345865574913,1618.627654393983,203.3406,100060608108W500
135,26.6882,0.08104981949902684,0.04331397589574221,0.018211780694824667,0.0432524964816057,4.303043746764237,-155.3966394670905,8.933,100060706022W500
136,19.5227,0.046186055082009674,-0.0017,-0.0711427619554238,-0.0524,4.563895191454642,2.7843,8.6289,100060805217W500
137,51.04850145014554,0.19303042759111338,0.0866478650607526,-0.03827155956261871,-0.0263,3.885776112307468,2799.2798,198.6221,100060807808W500
138,0.2514,0.07978988517740221,0.026561713930739,0.03169715377160076,0.05169413949007533,4.164105112269286,-62.320733568492756,9.2631,100060905918W500
139,1.391,0.172047433776908,0.08485149297106176,0.08695138080312562,0.10738115478401922,3.0383379449824153,142.94462111380847,8.4847,100061004119W400
140,0.4068,0.06707286169293566,0.01872095800124421,0.0238846510849553,0.04391161024040868,4.317362046417286,-96.37660421507906,8.7793,100061005216W500
141,172.326,0.3864,0.226,0.2618862792286687,0.2842,4.400385503838455,2.3562,11.035,100061006117W500
142,51.361855985651815,0.19800256887930123,0.0966,-0.014100579835011631,-0.0044,4.421,2717.524,257.6045,100061103324W400
143,64.77677678742317,0.2923371970617289,0.19785571681390085,0.1280281713022697,0.1580370460070501,2.263313213049198,601.0278108705289,59.58038179146716,100061106926W500
144,124.7567,0.1784055701656612,0.16330265192290253,0.02442214830002809,0.06827047813127199,3.6956266294108984,-272.0027036059445,9.2628,100061204211W500
145,11.2285,0.22264081989034037,0.1121,-0.032630196128670824,-0.018,4.436598118700684,2760.4934,234.4492,100061305216W500
146,109.2072,0.09205281691501238,0.0793,0.1407512439570097,0.1705,3.508571860533179,2.5055,10.8847,100061306018W500
147,69.67494590010001,0.2873284303503714,0.19703000811965457,0.129067750352132,0.15268455363535488,3.3369172631104966,1767.4006421422682,211.7391,100061307518W500
148,9.8393,0.10446972875573901,0.009,0.013342690764572111,0.0143,4.596889751789499,2711.5803,222.9315,100061403127W400
149,30.5016,0.0682,0.05040164613499849,0.002979052815983152,0.0301,2.956113156231225,2642.8015,153.5252,100061404814W400
150,25.9384,0.009019261643219152,0.0156,-0.0369,0.0043,4.844757772294675,2701.8186,233.1859,100061406920W500
151,28.1166,0.3430855696880714,0.2151,-0.002904188356989329,0.0245,3.3935,2689.4836,205.8555,100061408009W500
152,85.6274,0.2199527315323282,0.16533001854368096,0.07182827332981853,0.10733030418291961,3.1102072364419477,142.90770835837532,31.850491011690053,100061504803W500
153,6.4183,0.07372485559169081,0.026506083961449184,0.024665328296063604,0.04586232337477545,4.269790860400684,-104.36635972272222,8.4899,100061605518W500
154,139.9906,0.22411376577928716,0.165,0.12174817394229001,0.1456,3.1492,2461.0383,203.8289,100061608009W500
155,19.8381,0.08213006963920808,0.039864307341124894,0.022491768918750904,0.04630058848893949,4.240834107502255,-139.13068913810127,7.6052,100061706804W600
156,14.623,0.2270342865438094,0.1145,-0.0363103546397094,-0.0221,4.359638525109142,2736.7356,235.0649,100061805414W500
157,36.858997002106676,0.04836470822137395,0.027144323880437943,0.016645959309061875,0.0391,6.13980096288328,2634.7607,210.9399,100062005015W500
158,81.3705,0.2448,0.2034,0.24892153031086992,0.2635,1.9612,2261.3855,216.6461,100062007823W500
159,100.7772,0.12930450426641682,0.0643,-0.06398861208955223,-0.0653,3.5102,2811.999,220.5395,100062105118W500
160,12.8878,0.12216151664340374,0.0228,-0.00960830779256204,-0.0202,4.391087301286856,2.7398,236.4156,100062106425W500
161,20.1178,0.1219138587905354,0.0175,-0.013361577673808911,-0.0086,4.7208,2726.0447,213.7793,100062203325W400
162,95.8658,0.14480785172250604,0.0941,0.09757521497814212,0.12209479815429371,2.860413263684366,129.78244483590163,7.2875,100062303619W400
163,51.530032707225146,0.1644800737277516,0.11008344994528516,0.05558710760073718,0.08538245801599363,3.425030190515268,-49.90133524099872,8.4983,100062306318W500
164,196.5454,0.23821783349144382,0.2084,0.026060522136441167,0.0701,2.480657785069031,2.5816,9.1601,100062307218W500
165,64.86479499482142,0.21742846085083084,0.1207,-0.022867573639775526,-0.0056,4.047530862512706,2719.576,215.9534,100062406517W500
166,136.3047,0.20568735335650679,0.1531,0.15430572557618982,0.1793,3.3981940380125515,2389.7566,194.8201,100062506412W500
167,43.94955337334842,0.0818676810193614,0.05382603571567185,0.009672781093743602,0.037828397623442936,4.38775221170018,-216.86077114874377,8.3096,100062604715W500
168,0.5248,0.0922276855240739,0.03449553491336482,0.039065729210354505,0.05916129259781815,4.010863954201281,-37.761278370187824,8.8167,100062605918W500
169,65.62701378536987,0.30118419964254367,0.20389375604926027,0.133027130520074,0.1630686940487129,2.17499241396252,638.1801009857146,62.09594357230564,100062705713W500
170,33.5404,0.08008882722055671,0.04672478442288289,0.013855738020779024,0.040948373968539425,4.335536391619812,-231.2610643536981,2.1106228690324684,100062804714W500
171,52.2035,0.04608476133703704,-0.0024,0.13427298009148717,0.1372,4.818005948410773,2238.8,227.9507,100062904514W500
172,22.56217896356749,0.1352287972032667,0.0274,-0.0029303527987489322,0.0095,5.0966,2693.0581,214.8411,100062904601W500
173,22.3261,0.1731832430435447,0.1096,-0.014452954279590757,0.0171,3.8368977373664164,2.637,8.4314,100062905416W500
174,53.34581270391824,0.17339416236410876,0.116677633760734,0.060819941818457096,0.09038933344691669,3.450737289659059,101.53591043309382,25.760051182421293,100062905913W500
175,52.8931,0.22036789112529914,0.1233,-0.016544259606625672,0.0009,4.158775041602597,2705.0049,223.6794,100062906118W500
176,19.9432,0.1033911246337397,0.0138,0.018540513527309593,0.0189,4.774701503575707,2711.271,249.1208,100063007223W500
177,77.3083,0.3034382080348585,0.2055,0.05583967247690297,0.0807,3.2479,2601.5532,221.2994,100063008009W500
178,16.405,0.03921628382936472,-0.005055092565760824,-0.050722042261034654,-0.0317,4.565566752137262,2.7435,6.0513,100063104713W500
179,0.5163,0.07553700682271669,0.024071068082217706,0.028954682486852054,0.04901858839119046,4.214569438722377,-76.99229434835149,8.7802,100063205214W500
180,15.3897,0.2792351441440571,0.2714,0.5252110527606875,0.5849,3.0220961459717346,2.3899,9.0326,100063206123W500
181,1.5686,0.10266575395338134,0.04164309076037673,0.044823540348615076,0.0651431682089508,3.8887552108630983,-17.958770246083873,8.7047,100063306117W500
182,112.6036,0.11864113070505597,0.0747,-0.08033045737872278,-0.0539,3.5909927778479895,2.8022,9.0994,100063306217W500
183,57.7265,0.1564470423990017,0.10915004890830546,0.04705453300253026,0.07828411933236709,3.5470583495532293,-111.46545407003384,6.084,100063405415W500
184,20.9428,0.0164,-0.0002,0.062254695618259526,0.0428,1.818,2638.5652,216.3342,100063504615W400
185,33.7119,0.09731444426341712,0.0595,0.12328516173608259,0.1489,3.7950309923005987,2.4554,8.1634,100063506018W500
186,31.85459965446252,0.07461146338477471,0.0052,-0.02237434621359352,0.0106,6.6259,2691.874,280.1540291103093,100063507018W500
187,1.7235,0.07694287419805335,0.025681511517841066,0.02913657407580096,0.04945437035767447,4.201816581069063,-81.32788087344022,8.3547,100063605819W500
188,52.771859549061006,0.1778183713745909,0.11917514031967788,0.06301383044751915,0.09305146989709122,3.2730938620632024,-18.855642208526547,9.0577,100063606213W500
189,144.9492,0.25457291376283203,0.2230560378530582,0.05964696943086273,0.10754173991159607,2.8763487648487525,-175.2260610653674,8.0285,100063606312W500
190,40.8224,0.16022650611268058,0.0706,0.010282624727417741,0.0198,4.469896763444175,2671.5181,236.4333,100063606625W500
191,72.20496511141847,0.23806411599638727,0.1444,-0.03360974675270158,-0.0201,3.3839,2759.2693,209.3171,100070104103W500
192,26.6186,0.079,0.0502,0.013218288483466546,0.0312,3.711939803683799,2590.2339,216.2125,100070104810W500
193,51.748933159827985,0.12625306247632934,0.06912618239771368,-0.02669359251219916,-0.0019,3.6956720013914954,2.7054,8.1696,100070206217W500
194,147.6181,0.05262548550294667,0.0465,-0.035112518575986684,-0.007,4.005430237197719,2.7206,9.8198,100070404912W500
195,15.7286,0.1390971403304021,0.0485,0.032690512367772026,0.0387,4.69339038410813,2659.0515,243.9843,100070505818W500
196,128.2658,0.0052,0.0052,-0.008694601621500889,0.0084,2.5463395916218614,2.7101,7.978,100070507708W500
197,0.5953,0.1470002266758576,0.06873127980591259,0.0722191356519713,0.09243136464443764,3.3420475610860683,90.10885246338069,8.845,100070606504W500
198,107.714,0.1301621817621588,0.0898,-0.02525908236812273,0.0036,3.4955831831220108,2.7403,8.313,100070706116W500
199,52.29879809185515,0.17264890153815815,0.1156554490276143,0.06014171635576854,0.09007513580152204,3.333587779005242,-29.009299682641426,9.0839,100070706314W500
200,149.3002,0.142888431433205,0.0988,0.14713432508723004,0.1509,3.5237543025872533,2.5002,231.6118,100070906818W500
201,69.60273221931028,0.28795109441051825,0.19739212147511173,0.12931586802368222,0.1531072136492605,3.30437436187447,1739.127572448756,207.9205,100070907618W500
202,109.9256,0.1052512109179331,0.0689,0.016172437192440978,0.0413,3.4012830632849163,2.6386,8.9167,100071005813W500
203,160.4082,0.0817448508349847,0.0764,-0.023873811554278868,0.0084,3.8109839500657676,2.6957,8.4266,100071106425W500
204,65.86380542974713,0.27160143320637997,0.19864707455164984,0.178740990023098,0.1971,4.473415089705606,2102.1648,339.0217,100071306526W500
205,7.2651,0.06065325931708554,0.0,-0.003380533745641942,0.0113,4.064566448794512,2.7376,8.6449,100071406218W500
206,36.3729,0.1316154218955989,0.08073219171164711,0.04362076786467703,0.07061794110709163,3.739966243784046,-74.49712045419517,8.5584,100071406220W500
207,39.6394,0.14266565209066379,0.08960529178550564,0.04854609519224695,0.0761982636070121,3.6226153873196947,-62.247611701445635,8.3032,100071406317W500
208,37.94221903299173,0.10350876407179438,0.0652,0.04823732538720746,0.0763,4.042255928914689,2.5482,8.2268,100071505518W500
209,54.3134,0.08862638270040951,0.0507,0.08718895406412983,0.1108,3.7099838451271214,2.5471,8.6677,100071606217W500
210,114.712,0.03253226313675811,0.0602,0.24717621456263336,0.2813,4.068651654996828,2.2178,10.7456,100071606224W500
211,117.7498,0.3476577465050931,0.2542,0.03360164736473803,0.0672,3.263932647746744,2584.9705,229.184,100071906101W500
212,0.6453,0.014265955488338644,-0.019952016818432977,-0.024275334569731126,-0.0047,4.902993469454973,2.7207,6.0913,100072103910W500
213,229.8987,0.05729879052757497,0.0831,0.07016753289442718,0.10292142316524416,3.5142134975178667,-88.38944054688625,8.6744,100072106223W500
214,5.4501,0.10194608103149848,0.0407,-0.04836435974503689,-0.0257,4.262789307669418,2.7581,8.5644,100072206324W500
215,64.0926,0.17083435782140663,0.1219749142940689,0.05234912109713333,0.08481191898702918,3.4094167094926853,-99.71879592907351,6.1661,100072206419W500
216,0.6678,0.21049252280579367,0.10838537253841082,0.11079225812311141,0.13098962283863066,2.585200263054667,261.2156311665268,11.7775,100072304811W400
217,41.91815333434012,0.06053997138607686,0.03926668641633996,-0.002237057323654909,0.02558849416466806,4.621753966843223,-276.9451656861946,6.0643,100072504012W500
218,42.3317,0.10373724234114791,0.0238,0.014087985289085128,0.0202,4.554763104487377,2690.4705,212.1336,100072504410W500
219,142.8709,0.1932,0.2331715337064534,0.055001788445747046,0.1233,2.6053,2499.1963,196.7778,100072507623W500
220,62.2462,0.07617491441438234,0.0622,0.16896028852358946,0.1982,3.8980664765728372,2.3736,8.2838,100072605920W500
221,178.4286,0.2278,0.172,-0.0589,-0.0067,3.5402,2741.9043,157.6246,100072706318W500
222,29.7393,0.10157145172192523,0.0177,0.01942437285781206,0.0237,4.599793130712242,2659.427,216.4207,100072706626W500
223,1.8701,0.07886189051947333,0.0172,-0.08382095929942476,-0.064,4.452661197297059,2.8039,8.25,100072805217W500
224,166.9474,0.30265229956429185,0.2663457896845959,0.07697868813987876,0.1291016838242249,2.4244688944021284,-133.83018206041277,8.8993,100072907222W500
225,1.699,0.17841388679501868,0.08903414953440322,0.09052819269752785,0.11115363457013128,2.946769503358795,137.47732713545804,6.0422,100073005022W400
226,142.6943,0.3453,0.2982,0.047,0.0812,3.7287,2570.3406,211.6794,100073008009W500
227,123.9987,0.3205205170223142,0.2515726361649072,0.11090457633325568,0.15492588499637774,1.948599143333083,55.537037023062226,8.3765,100073207810W500
228,51.16696842541536,0.1602118413563555,0.10719054986842513,0.05323655568455843,0.08291134443259,3.4803584806895365,-52.00077797552592,9.3328,100073306319W500
229,64.68230600987319,0.29135419677497193,0.19718482356552766,0.12747273138918036,0.15747797400242092,2.2731266351699464,596.8997786355113,59.300874926929836,100073405315W500
230,0.6602,0.1230055377440522,0.05379293060121748,0.05763459399218318,0.0778238642776857,3.6343684534477676,32.22146459958287,8.6382,100073506014W500
231,18.72917164585978,0.0731246259214571,0.0217,0.031131498335933636,0.05,3.9514029810025013,2.6174,8.5758,100073606118W500
232,45.69367972239685,0.09377113913677637,0.06233528064249852,0.015829308858218927,0.04510450107195145,4.245624481439212,-232.83470060353727,3.119995154878339,100080903909W500
233,148.7145,0.1778,0.1534,0.1037,0.1219,3.7491914526260275,2.496,287.5321,100080907321W500
234,71.9664,0.21219007501523673,0.15223444235583164,0.07452038421772908,0.10733327009818655,3.130219816946314,181.7621005095017,32.97578196284765,100081504804W500
235,40.0833,0.07915289186932853,0.0033,0.03315884335809916,0.0345,4.74310203778437,2630.7258,234.2512,100081805214W500
236,62.28,0.22791181282728684,0.15649992857868025,0.08797842336823541,0.12013348810955457,2.710129583187164,51.10885320830414,7.5805,100082003821W400
237,25.6588,0.15171362860285514,0.04535061754552121,-0.05576210480518773,-0.062,3.2332,2824.6711,191.9907,100082304316W400
238,15.5195,0.2612723217068818,0.2375,0.6133124952267196,0.6307,5.202687262241551,1631.5127,466.821,100082304316W500
239,69.13043741370122,0.2809253235604486,0.192690217050323,0.12554162033907673,0.14897736857710253,3.41994932663638,1764.2859068295793,212.9955,100083005205W500
240,139.2354,0.3904572108983956,0.30393804593791107,0.1479278079297144,0.19164072856752204,1.5723673762505967,653.7960410193383,70.65463826638414,100083303122W400
241,51.3486414535363,0.16234474273891936,0.10863629343210052,0.05441134757082752,0.08414607662441134,3.4527578260476433,-50.89589650528558,8.923,100083305512W500
242,34.3483,0.15492787130208385,0.0453,-0.029218165823988965,-0.0143,4.8403,2740.77,200.1574,100083403425W400
243,242.8217,0.2234237117842237,0.2131,0.09212784564444221,0.1373,2.1572295902318155,2.4756,8.2766,100090107716W500
244,70.7363,0.17835008214253392,0.13041495455957872,0.05425383955453014,0.08737875766732323,3.4773662602367232,28.277035055821784,22.84912058644268,100090605211W500
245,33.7508,0.16945477137002202,0.10276765188824133,0.06798066966065053,0.09453120949202631,3.2645609569655156,26.302524680012652,8.9617,100091703425W400
246,62.77591124165447,0.21310812850991676,0.12118920828449611,0.006474126703222824,0.021,3.9264616021240553,1930.6462404519284,212.929,100091804909W500
247,65.2447,0.185896003581395,0.13206802261191078,0.06088271236682938,0.09356387018871362,3.235821042742127,-64.09287861570635,6.7407,100092206315W500
248,60.7082,0.23821045851562023,0.1306,0.0024573996115996033,0.0221,3.3155311947635773,2678.3027,163.1642,100092304214W400
249,54.2652,0.28363422916979353,0.18470265442972245,0.1350969550990357,0.15603068755412028,3.2042861596171752,1719.5412984098648,199.2245,100092508109W500
250,53.503,0.0684,-0.015718033762266395,-0.087,-0.09995054777627335,4.1906,2799.4224,213.2322,100092905518W500
251,10.8182,0.0187,0.0035,-0.013666942818041698,-0.0004,3.7024416918072536,2705.9402,224.606,100092906515W500
252,141.1391,0.1512,0.1067,-0.0381383296016624,-0.0042,4.1865,2717.155,202.4227,100092906917W500
253,28.6502,0.10427697061173355,0.0164,-0.01086187341715959,-0.0189,3.8926,2739.7571,222.0443,100093305512W500
254,55.84756272869585,0.22745814305678816,0.1254537688847236,0.026878981123338752,0.045,3.6872,2695.4568,196.2856,100093308009W500
255,10.4809,0.0443,-0.08504772368058744,-0.2135000826116951,-0.21117609242303834,4.5771,2722.765,62.572,100093405314W500
256,175.1315,0.28010366311066265,0.2572103794095011,0.05891065163429246,0.11254402482065844,2.7487240221441036,-215.1029185023707,8.9372,100093405315W500
257,43.693,0.12448837856410899,0.0448,-0.03376800509401999,-0.0349,2.9283,2769.3464,140.5794,100100105619W500
258,50.29260835449203,0.1511038155212302,0.1009696834201696,0.048145258321771425,0.07768767877218796,3.5789504888536117,-79.2233676060431,8.1717,100100106518W500
259,52.40110492842133,0.16356415949653683,0.10996870127700129,0.055265542687563535,0.08479861340062472,3.5488715108664834,60.25558808289327,22.964982537045756,100100106619W500
260,27.5696,0.15939474809022008,0.0999,0.012871782304710422,0.043,3.750687528065276,2.6364,6.0515,100100205918W500
261,48.585254212058445,0.132531084605925,0.08832052194938339,0.037820534911666634,0.06699823607171149,3.794775981681971,-117.47294831063562,8.0369,100100206624W500
262,58.6837,0.17110142211681875,0.11886199512167153,0.055494102770563186,0.08685233663888658,3.383757633966006,-68.1099728865587,7.6729,100100206721W500
263,18.1422,0.13620480876227828,0.0738,-0.018838330598351036,0.0074,3.945652752894884,2.6983,8.7861,100100405415W500
264,51.538758259080865,0.16440483746384538,0.11003969592490903,0.05555712763591927,0.08533138816567773,3.4289623370166824,-46.48511087693976,8.9597,100100406315W500
265,72.4997,0.16402169444259235,0.12278492986010478,0.04376317486468667,0.07773638857771634,3.5517025368561366,-133.88079041183016,7.6197,100100506523W500
266,86.322,0.06312402908146525,0.0423,0.09455979113763624,0.1189,3.7613399335971023,2.513,8.983,100100606117W500
267,90.8469,0.21921910738193662,0.1683137821034902,0.06737405314217279,0.10489493505997351,2.9912573995567238,-62.92029874417574,8.4959,100100606917W500
268,81.70114043410923,0.4340777472017429,0.39004826126236836,0.5303226853707389,0.5802,3.2331674797739405,1720.611,292.95,100100704717W500
269,110.0895,0.15780516027756764,0.1112,-0.06329278196898772,-0.0317,3.465908716625589,2.8035,8.7377,100100706017W500
270,42.7597,0.07160381289036882,0.0417,0.10092024044855223,0.1256,4.00476391639938,2.4953,8.4868,100100805919W500
271,117.9326,0.23769788359368282,0.19619857590031264,0.0640181729070283,0.10669031531202969,2.9296669217225384,-110.57985709023785,9.118,100100806620W500
272,43.78348921244175,0.14882662486395015,0.0367,-0.13532452023649144,-0.132,4.3489866605457435,2935.7,226.43405577244653,100100808007W500
273,7.288,0.13633756601383862,0.0811,0.08135037441437579,0.1088,3.826416745683872,2.5239,8.997,100100905816W500
274,40.2364,0.12371512688806048,0.0383,-0.015696794943602155,-0.0112,4.859451706640615,2759.2754,259.051,100100906223W500
275,73.5904,0.1696111571928002,0.12692129049653164,0.046623074758220834,0.08074904231810659,3.4979774245729955,-114.63808200609981,8.8946,100100906321W500
276,121.1271,0.3117327068100906,0.2443491617000366,0.10714380750042757,0.15058274052325651,2.041478971299175,48.21579944300095,8.7638,100101007809W500
277,60.8257,0.06932222742611466,0.0651,0.20956602169685443,0.2408,4.00761556310087,2.2765,9.6504,100101105718W500
278,4.6583,0.11428135294361419,0.0507543788656383,0.05022813724023821,0.07112522845265135,3.7690610997987424,3.1677395918242155,9.3293,100101106519W500
279,50.67931710419374,0.15516817294515808,0.10374401901572025,0.05041457064104571,0.08002040346558317,3.534277514610678,-67.86665282474394,8.5875,100101106622W500
280,0.7438,0.13940722612690454,0.1024461056901225,0.19191751069966206,0.2251,3.923796602129526,2.325,11.8759,100101205418W500
281,67.4902089680477,0.23171987318507334,0.1364,-0.02215111006674156,-0.0099,3.6125,2726.929,226.2215,100101206315W500
282,1.8291,0.11715803636138322,0.050861930004293676,0.0533909710176088,0.07386817755098857,3.7031552302543114,2.584226172833155,7.1339,100101206413W500
283,153.459,0.2945347902685291,0.2531430817471355,0.07927373659122533,0.12886981955065194,2.4373580080676662,-113.15202303172543,7.8802,100101207121W500
284,30.2464,0.06182176602872011,0.0348,-0.03512625938598041,-0.0062,4.821005181871727,2.7238,6.187,100101304315W500
285,52.46768915097017,0.17489201573124266,0.1171652873948705,0.06136042557671548,0.09138467967914413,3.300226964371358,-32.90880929967523,7.9982,100101306920W500
286,15.9222,0.15420169623860822,0.0875,-0.022010407327049245,0.0056,3.8691480486585936,2.696,8.9984,100101405416W500
287,142.3735,0.26175350961388655,0.22597438701808412,0.0654321836428377,0.11279981901188245,2.7797494838301673,-141.45081720394126,9.032,100101406216W500
288,50.87400281595582,0.15718887217515645,0.10512451086413613,0.051544652484421166,0.08117897362012166,3.5125409908912495,-61.667050971089225,8.8658,100101406819W500
289,35.078,0.2882240473962845,0.17728171967614378,0.14181427553391038,0.16574381218751447,2.173524465661835,746.1305892321135,65.949075366381,100101408109W502
290,54.53461635942675,0.1541211043057035,0.09362200664230219,0.006215145410981365,0.0331,3.4375662441331363,2.6541,8.9365,100101503821W400
291,14.575,0.0993306859026247,0.0444,0.00433077129681278,0.02679097287819346,4.054053753994691,-32.81052042918134,8.9766,100101505918W500
292,49.82621681956461,0.14587683413239266,0.09741654600113034,0.04525022716545374,0.07467230623663962,3.6424501883510247,-86.76561993667735,8.5506,100101506315W500
293,54.649411503173965,0.1986229489800849,0.1333275874858346,0.07455277323121731,0.10504280817294265,3.0244964391333538,16.006048089173532,8.1759,100101506609W500
294,35.5594,0.15379544861327268,0.09408252029695405,0.057525068754522,0.08438173458987634,3.4676035794376494,-15.472450235665633,9.1116,100101506718W500
295,3.5325,0.1723840973502393,0.08634712201102615,0.08604177611937563,0.10683650711201362,3.0522190579612563,142.7379335110719,9.3191,100101606027W400
296,63.8944,0.17709220269492473,0.12549416315033776,0.057229643311481865,0.08896376791259611,3.4599842146616435,60.19420051507598,24.224353891024236,100101606419W500
297,52.90134476205755,0.13982028840999416,0.09389896983644558,0.03302677089273384,0.0633,3.7252671607300654,2.6253,8.2787,100101606422W500
298,174.1135,0.0921976678454583,0.0997,0.09324845024650703,0.1288,3.4747541470337233,2.5465,8.616,100101606423W500
299,148.55345367199027,0.39486579500414065,0.2745,0.014991414174924722,0.1042,4.5234,2535.6184,44.1453,100101608108W500
300,27.4072,0.21067668155386712,0.12467007148552198,0.09638167118556387,0.12179800711902468,2.7241402378654085,146.11016972774917,9.106,100101705323W400
301,142.3525,0.13068726781735707,0.1073,0.02619393046039875,0.0588,3.309140930467127,2.6534,7.9711,100101706216W500
302,31.9325,0.14277395268385007,0.08502999826324262,0.05270625868020956,0.07895332087136142,3.568275974379171,-43.912525035717294,7.1418,100101706419W500
303,145.6456,0.1918304315320825,0.1687,-0.006798866186237679,0.0367,3.4225081840752347,2.6831,9.3751,100101706424W500
304,50.027525176016766,0.14784042946204443,0.09876382879463566,0.04635755438447023,0.07579211466256817,3.6236981416684335,-77.97312304120794,9.1791,100101706519W500
305,9.4454,0.19771599364643772,0.10574593444025063,0.09813410029262071,0.12018172479435137,2.767548415166964,168.56817129744297,7.7419,100101804316W400
306,9.6478,0.11262654364891173,0.05274770123303585,0.04646813068656924,0.06838732163306566,3.8092116995690644,-30.183779616602692,7.8245,100101806316W500
307,50.77770290369155,0.15616952975574824,0.10442903513016724,0.05097602813174135,0.08059358429004587,3.5238792524899214,-64.35851905509469,8.7818,100101806319W500
308,95.27438585262435,0.23166259239957218,0.1816,0.006972358563587078,0.0489,3.335256573128943,2.6264,9.0901,100101806321W500
309,48.87819712827583,0.13555424946011208,0.09038667474826381,0.03951251608310394,0.06873073970563709,3.7625832448313545,-107.81556016387265,8.5027,100101806523W500
310,0.3468,0.11723704560935044,0.050009137073776244,0.05427366209701852,0.0744294222178215,3.698390788847877,14.14838560018427,7.9134,100101806617W500
311,51.2787217017226,0.12251877139508185,0.07320006764652862,-0.006114540624671247,0.0209,3.8230731099433903,2.6742,8.565,100101905314W500
312,14.3016,0.16733433274361859,0.1187,0.11642992319472784,0.1504,3.7709341322620187,2.4684,10.6306,100101905818W500
313,104.3857,0.19982170252625342,0.16438152543702675,0.048318642351888985,0.0883887854583611,3.3067940142697014,-158.093086833063,8.2372,100101906018W500
314,135.7826,0.25360545802422085,0.2169086488678945,0.06404035260698404,0.1101429214144809,2.8399384241976704,-137.6710710765782,8.9706,100101906116W500
315,51.33303417580136,0.16247931683645234,0.108714555662305,0.054464972332344874,0.08423742458164077,3.445724448267805,-57.00645126830557,8.0977,100102006216W500
316,274.7496,0.38846063313213436,0.38500396749989063,0.07094575658969057,0.14371018882771563,2.0150374968901703,-312.7136508723423,9.1125,100102006523W500
317,162.229,0.1168,0.1063,0.02681880759384289,0.0483,3.340397634689928,2627.8049,236.3658,100102007016W500
318,22.8523,0.0791,0.0415,-0.0743,-0.0372,4.405424303146286,2765.3386,201.052,100102008007W500
319,74.6178,0.18821761644056273,0.1417,0.018236368149009946,0.0552,3.5301111744019553,2.6156,9.2514,100102106215W500
320,61.8279,0.21318897870514875,0.1159,-0.04128613949246336,-0.025,4.171195714757801,2756.3948,225.2729,100102107026W500
321,7.3605,0.15306896914504686,0.07662857377264773,0.07213080006931147,0.09377431113510817,3.291211241453401,59.748818465471345,6.2273,100102107519W500
322,52.94074682596876,0.18006151817983973,0.12068499765269922,0.06423255266368263,0.09436103591162286,3.239731342987834,-22.756632633688127,7.9718,100102205913W500
323,120.9136,0.21840688834717326,0.18095856644305458,0.03578226009405264,0.0782,3.128079404240591,2.5763,8.1097,100102206114W500
324,4.9828,0.12504276746930537,0.057678333470651905,0.05652325095108833,0.07755810805402868,3.6325353579428787,18.598975476239616,8.2441,100102206615W500
325,62.4392,0.19449504546575164,0.1233,0.1654379790973553,0.1838,3.853062231476323,2413.9429,213.9341,100102306520W500
326,53.53475425901674,0.17536016293762335,0.11801942025748066,0.06193082164463587,0.09150747745617512,3.4311104454175747,109.79197490313629,26.319064911496653,100102306919W500
327,124.095,0.20512127286258577,0.1562105399287548,-0.03296850864944262,0.0039,3.0851151560785777,2.7034,7.4836,100102406114W500
328,30.4799,0.16329972771259404,0.09696048558549794,0.06595861238927683,0.09193361869673661,3.313212297583648,14.573769869568537,7.8303,100102504602W500
329,107.0718,0.2518013411480648,0.19844823808879905,0.07839628302577326,0.11904791768364734,2.690949295619595,-41.837805811146495,8.7921,100102506310W500
330,110.288,0.23031692846254093,0.18697879086069089,0.0636413727039924,0.10486820546420356,2.9719319932553736,-104.14254620517738,8.694,100102506318W500
331,19.631,0.13354781941042615,0.07182527364215804,0.05382823984330501,0.07762243112824178,3.6203695648240215,-7.005939189239939,9.0432,100102506415W500
332,71.8038,0.19290640299825557,0.1044,-0.051604782407765865,-0.0362,4.382602102788089,2706.2334,233.2988,100102506527W500
333,52.40110492842133,0.16356415949653683,0.10996870127700129,0.055265542687563535,0.08479861340062472,3.5488715108664834,60.25558808289327,22.964982537045756,100102506620W500
334,29.3684,0.21503448432073324,0.12859152262834825,0.09787952697508692,0.12377121801639543,2.670728515086723,134.83441472780953,7.263,100102508009W500
335,51.16145207631202,0.16025940619853457,0.10721821143700702,0.053255509208046475,0.08294363111515855,3.4778725527864944,-54.16053663828359,9.0411,100102606217W500
336,5.3076,0.1058239456390408,0.04587147359604421,0.04472863172763915,0.06576015334698068,3.87287601055555,-23.063609916713972,8.7977,100102606420W500
337,50.87238592240591,0.15720281387555538,0.1051326187287702,0.051550207939540155,0.0811884371489513,3.511812342157245,-62.30009644817335,8.7803,100102606619W500
338,43.5468,0.10234501389730671,0.06663698550763067,0.02213811283194815,0.05092340923844192,4.1482085313971195,-181.23068711166331,6.400271133310881,100102705117W500
339,58.148906661791,0.23688702465937544,0.15937911795072351,0.09581040184359746,0.12707446765662053,2.5763188720035375,90.68909762390479,7.9207,100102706027W400
340,143.1128,0.23962668542118537,0.2126188961134117,0.051566770529416966,0.09909703744337521,3.0465182124778796,-205.6525516087621,7.7727,100102706221W500
341,27.5361,0.219354265673889,0.1301743140475239,0.10152306620951998,0.12703200361408284,2.6124245010454725,157.98368200382095,8.0991,100102708009W500
342,28.1256,0.10243117716352831,0.05754581264610273,0.03031148175300885,0.05575596388206304,4.039047026640488,-124.36478018998594,7.1796,100102805216W500
343,0.3799,0.09761634677480391,0.03777135913184901,0.0424127957759169,0.06248707043586791,3.944653096577415,-24.04247066443611,8.8959,100102805414W500
344,102.1037,0.311340169532861,0.230453084900098,0.12836329734347465,0.15601911065192772,3.450880329534768,1988.3281188455558,246.5815,100102806212W500
345,18.6883,0.11812739389693824,0.061650785231945976,0.04488076224671744,0.06858655089955285,3.788261062890772,-58.20061361436444,6.6929,100102905918W500
346,48.57513491687429,0.13261833845251397,0.08837126485424518,0.03785530361382097,0.06705746337319396,3.79021574849405,-121.43485047189813,7.5018,100102906423W500
347,17.7803,0.2946551981663515,0.2147,0.009207850396957623,0.0537,3.3286117281017837,2.6202,8.5743,100102906625W500
348,151.9233,0.1883,0.1451,0.07438727129931455,0.097,3.3122,2543.7395,216.2126,100103003223W400
349,25.2483,0.10919470403810083,0.06001757539718636,0.036027643693433684,0.060863768805040075,3.948641304612047,-86.93944117817944,8.6347,100103006423W500
350,1.129,0.1401770817181751,0.06479436654874218,0.06779520468393241,0.08809802624536581,3.428321338670405,71.95103872561788,8.8019,100103006509W500
351,53.9636,0.2161,0.08690950192637412,-0.0467,-0.04837709341404477,3.6882,2726.126,206.1955,100103008009W500
352,54.71324759516439,0.19807252086469407,0.13300748330035275,0.07433343996455283,0.10466918141367494,3.0532640024844087,40.999127766913375,11.5515,100103106307W500
353,0.1308,0.11148124944709659,0.04628758382083023,0.05089128119754871,0.07100679342017145,3.765985847425081,-0.3469063582723493,7.6826,100103106317W500
354,108.0578,0.3012805628396503,0.22994141382856562,0.10780177346344355,0.148785452156074,2.0858215815054395,62.50521769261388,7.8137,100103108008W500
355,50.40145195671245,0.15201499969649274,0.10160225919376703,0.0486707840384224,0.07819965104176416,3.5732650074335064,-71.62079934717883,8.919,100103206321W500
356,61.11669280423685,0.21960272816147042,0.14333043449933466,0.05698868250856237,0.0863,2.71874439822747,2.5625,8.0012,100103306127W400
357,197.6554,0.13175304976952196,0.102,0.07963885239903065,0.0988,3.7682167194828797,2532.8818,216.2928,100103306520W500
358,0.18,0.1597168569890463,0.07642845735336626,0.08010088046028954,0.10031016373678453,3.1777276233975633,113.31227138996212,7.835,100103403221W400
359,48.805437673207635,0.13433192892776435,0.0895731560915293,0.03886300950197778,0.06800757025056545,3.784529950220577,-101.29047842478246,9.6635,100103405818W500
360,29.3503,0.14445677334194662,0.08451571158515953,0.055145694177611476,0.08087322924882832,3.536417048816176,-25.932550146388053,7.767,100103406419W500
361,32.1827,0.15410560587462085,0.0922519341334557,0.059455024884073296,0.08575293602474914,3.4335546518398488,-15.508102558336645,7.5008,100103406819W500
362,53.22723540571339,0.18314033569304533,0.12278351552993749,0.06594671017233783,0.09613131618168369,3.204629976746378,-15.626243566799417,8.0963,100103407020W500
363,30.0616,0.17404643250526855,0.10342070083704305,0.07267606998294715,0.09861364025791775,3.176710590898094,37.83191497166365,7.4097,100103505903W500
364,54.75941246077697,0.19952415383295669,0.13395435973527295,0.07507432241157255,0.1055480065481987,3.0193325168070646,24.061743636894903,8.9844,100103604301W500
365,118.3145,0.14248869745652276,0.0951,-0.047576520651221005,-0.0198,3.273895263817106,2.7344,7.8832,100103605913W500
366,122.4699,0.09644997996344329,0.0317,-0.08176899819828475,-0.0729,4.434514778612261,2758.9666,211.602,100110105618W500
367,154.1665,0.22473747172844444,0.1877,-0.022256660829766656,0.0206,3.005959956123186,2.6305,8.7871,100110105714W500
368,0.4412,0.07020354735465942,0.014856770792656876,0.008754683229508523,0.0275,4.222037961425834,2.6662,8.4222,100110105918W500
369,51.065812159192674,0.15923437295639045,0.1065194261770063,0.052684617190060845,0.08235437889436756,3.489508239423955,-56.59360370298862,8.992,100110106113W500
370,127.0636,0.22007373444519496,0.19071761534801482,0.04838063382229993,0.09279999267581882,3.19342145507476,-191.00917703741595,8.2282,100110206625W500
371,169.1304,0.049582076252196516,0.0629,0.09200773839431992,0.1233,3.7035016445139632,2.4991,8.7486,100110306020W500
372,106.4192,0.1891108647766772,0.15892458586744834,0.04072421107431101,0.08117040601783077,3.448478673996785,-191.83718679372714,8.0407,100110406626W500
373,20.3166,0.13925531144448172,0.0345,0.01791261117269142,0.0119,3.9999,2.6965,199.457,100110407421W500
374,100.4124,0.12377617588197241,0.0868,-0.05232370217697008,-0.0219,3.798367906900335,2.7474,8.8974,100110505315W500
375,6.6167,0.16612446981443763,0.0897,-0.05292645679127041,-0.0261,3.8549645670919164,2.7547,9.2407,100110505515W500
376,69.8973,0.05015784058852957,0.0374,0.039296343182091506,0.0676,4.417101330345148,2.5926,8.306,100110505718W500
377,132.9812,0.20177575743823353,0.1265,0.016515849881983957,0.0626,5.0616,2602.9331,159.3218,100110606426W500
378,75.7265,0.15431244206231895,0.11865908404243633,0.03620936388795934,0.07070471714591363,3.6985099982112994,-156.77870208777506,9.0381,100110606726W500
379,51.63856049515006,0.16539398101876449,0.11071760936027905,0.05611371841797863,0.08589627871751673,3.4192023882313256,-42.42241446128526,9.2289,100110607324W500
380,60.4058,0.20524304130608018,0.1595,0.15550990128900755,0.1931,3.1042274040437623,2.3905,8.1785,100110806618W500
381,82.9927,0.16977644413973203,0.0816,-0.06448184879999999,-0.0522,4.278052288180194,2796.5962,225.5314,100110806721W500
382,84.7964,0.2581337817773841,0.18896009535076919,0.09418143492533651,0.13066033026109122,2.475666477124298,44.16159892292865,7.8403,100110905226W400
383,20.7553,0.08566750939140338,0.0414,0.13050142994154687,0.1521,3.7428471801123244,2.4204,7.6948,100110906216W500
384,214.3036,0.2998479058774978,0.29318564543519277,0.04980082589809051,0.11089969315400687,2.74135221241169,-304.78601230330503,9.2712,100111106803W600
385,101.1604,0.2825119583988155,0.21405630827545388,0.10016053868873548,0.13977757239742414,2.2768689006713876,46.11418774846527,8.2023,100111107812W500
386,251.223,0.13258909740283992,0.1128,-0.012100669308066317,0.0213,3.7355,2673.6248,153.7795,100111406427W500
387,52.11671529692923,0.2020128596900099,0.1078,-0.011966345775509507,-0.0046,3.6971,2709.0403,226.4087,100111406613W500
388,166.64,0.3329182126060267,0.28505498387746997,0.09548217353561284,0.1476067578327656,2.0524806540900093,-62.402654980399234,8.8573,100111407114W500
389,127.2247,0.1760608073010035,0.1346,-0.015274663340590328,0.0192,3.182166313879009,2.6236,8.3442,100111506313W500
390,147.4741,0.19604347386450616,0.1811,0.06796848732158375,0.1137,3.2840354016805375,2.5434,8.4528,100111506802W600
391,52.6586,0.19944668529230766,0.1019,-0.06747160719153514,-0.051,4.309551598424197,2792.7151,211.5474,100111604914W500
392,124.9819,0.27727171326587824,0.23771293960377504,0.12481105473554341,0.1736,2.632658076124758,2.4132,7.5542,100111606819W500
393,46.1423,0.047176754751884736,0.03076484258029384,-0.01991884583795031,0.0097,4.802996028370213,2.6887,5.657,100112004213W500
394,17.1533,0.04657157349794455,0.0171,0.09027311256842277,0.113,4.371493386884551,2.5306,8.223,100112106425W500
395,86.2609,0.017606106266487453,0.0107,-0.014247434812895143,0.0116,4.6079212306687305,2.6902,6.2215,100112204313W500
396,-0.6776597112486655,0.09803719467076583,0.029,0.13608362291335985,0.1461,4.650405367363105,2739.011,204.8421,100112204416W500
397,0.017,0.21559639480811044,0.11123510862717786,0.1139429296298498,0.13434363669140298,2.4794080569198824,226.57033964594405,5.576,100112205512W400
398,51.3853,0.16375127131171208,0.10985381290024507,0.05503592765665197,0.08492103266407384,3.439375918470997,-48.3972896365575,9.0799,100112405614W500
399,46.068,0.08862767535263208,0.021,-0.06548588497295571,-0.0867,3.0327,2847.78,227.3811,100112504718W500
400,67.2389,0.13553565064690748,0.0739,0.16550519365623026,0.1778,4.071792952939999,2437.9138,215.2267,100112506216W500
401,118.0238,0.20695268345619108,0.1671,-2.9540681624529164e-05,0.0405,3.2672214033380316,2.6437,8.9475,100112506523W500
402,48.59560443081672,0.1612781349663876,0.06715011626564915,-0.04894592665262258,-0.0385,4.422424411404365,2771.3555,221.2107,100112605315W500
403,1.3044,0.11721806286825726,0.050568679568636754,0.053781892364043196,0.0740813238360534,3.7090639870504596,16.61706430300194,8.6618,100112605713W500
404,0.4054,0.10786142641689084,0.04418345250156494,0.04860256476279497,0.06870628617709584,3.8189664021896155,-0.9820296931419534,8.7979,100112605814W500
405,26.091,0.06845889425398903,0.0059,-0.014971159812467771,-0.0008,3.8390448723065855,2.7006,8.7443,100112606214W500
406,64.30442289967472,0.28742219562794286,0.1945012505720343,0.12525097173682287,0.15524168598390398,2.3123803236529135,580.3876496954337,58.18284746877946,100112704908W500
407,1.8731,0.09654100526342851,0.03800486801233022,0.04094057348783009,0.061314682308706514,3.9643747119065216,-34.61745962782686,8.5421,100112706220W500
408,8.609,0.11513812403992552,0.053685677650858216,0.04856342491303131,0.07027469699865047,3.7742755189138117,-18.2933435448748,8.1234,100112706316W500
409,133.2387,0.23559290117668114,0.2009,0.1112455897533981,0.1540909113011146,2.7522134802873164,-134.35281658265546,8.426,100112806819W500
410,26.8988,0.15468809168914846,0.08941991157121057,0.062679751694728,0.08794528865927786,3.3988160189831103,9.029300765686571,8.0727,100113006919W500
411,125.385,0.17306667429798905,0.1292,-0.045474693263135746,-0.0116,3.2717313704101008,2.7035,8.0761,100113105813W500
412,38.6693,0.18172695248415788,0.1127,-0.021463089417966708,0.0082,3.5268277981330374,2.6735,8.7672,100113205613W500
413,28.5808,0.1406189479487369,0.08164508155934738,0.05328685290939443,0.07880391330375264,3.585862319715959,-23.41329139814286,8.879,100113305613W500
414,1.3096,0.3525099178968047,0.2602,0.0030867423443217967,0.0532,3.211937195385345,2.6191,8.6912,100113306020W500
415,26.7731,0.12850532410618215,0.0729,0.022724872794088746,0.0488,3.8530425393070775,2.5951,10.412,100113405314W500
416,14.2263,0.17398470418804882,0.09380638848373052,0.08123842802884504,0.10408579865212664,3.093797185075263,106.04280320946611,8.9834,100113603220W400
417,8.5445,0.10884327084019904,0.0026,-0.019146967365488793,-0.003,5.1088,2715.1758,153.5369,100113606225W500
418,120.6546,0.26227621357640785,0.21319867334500409,0.07738006294181693,0.12068826013039094,2.6364400229609046,-73.85501947696764,7.7158,100113606412W500
419,3.08,0.07847795393976126,0.027461115105732986,0.02932494605034519,0.04991596412090907,4.189526560705343,-84.45845824729338,8.1108,100120106424W500
420,198.1763,0.1636152519315429,0.1289,0.049222712046236544,0.0723,3.8043299047952956,2632.1726,222.2401,100120106625W500
421,134.5988,0.24673235781229969,0.21190258208427398,0.06051565315598054,0.10637707178820534,2.9173112114960102,-149.0713281216507,9.0297,100120506319W500
422,149.8203,0.36206836981674284,0.2817,0.06509499348864531,0.1033,3.1045911277021645,2533.4392,231.9757,100120903821W400
423,51.42384610551575,0.16354597950680486,0.10943755072161679,0.05505245274438772,0.08485493456746354,3.431913042077222,-56.46363578605394,7.8915,100120906419W500
424,13.504,-0.00967070483165429,0.0297,-0.0185,0.0408,4.527510496424553,2635.9976,205.5718,100121406708W500
425,19.907,0.13288348674749278,0.07157528097669191,0.05328699772701437,0.07712162003219591,3.631463098720203,-7.876254468084767,9.2534,100121506419W500
426,148.8168,0.23301936295017533,0.21167935532602708,0.045241669802215195,0.09356434927270485,3.2556394164816735,-145.00300496405305,19.596598442845917,100121706626W500
427,50.761,0.24178357057533895,0.15818668026186686,0.10267847634598967,0.13257035927929015,2.484955432050219,139.6758536919143,9.5442,100121806005W500
428,51.63015643090104,0.16546644524867318,0.11075975129061086,0.05614259378938094,0.08594546693052131,3.41541511925597,-45.71277013399401,8.7845,100121806417W500
429,51.25440662636642,0.16130759407759832,0.10793046239031831,0.05383562782985543,0.08354860054172514,3.4650267126960617,-52.77884334838279,8.9482,100122206319W500
430,83.8007,0.19570636964826416,0.14937977573029912,0.05692461683840949,0.09305620733069458,3.237572107004333,-92.12776294607704,8.5971,100122506218W500
431,0.6907,0.12133640399525747,0.052776578489051595,0.05656923236731433,0.07680180135926115,3.649874291487039,21.949092076681268,7.8428,100122506919W500
432,72.9491,0.18771769312859402,0.13785040830825798,0.05787398290707388,0.09198451927328,3.2639320458561225,-81.15558975531428,7.4905,100122806316W500
433,51.53834221629644,0.16440842480196008,0.11004178215908408,0.055558557109751217,0.08533382322572755,3.428774848453546,-46.64799977163091,8.9377,100122905513W500
434,51.810172852297015,0.16761363075936492,0.11221380185945515,0.05732307758054392,0.08718989508872252,3.3870679192444992,-45.25648262624179,8.2871,100122906818W500
435,63.6176,0.3031,0.13821664649381926,0.03255928521879764,0.0329,3.841,2642.9778,197.5867,100123007807W500
436,51.45165478346088,0.16330619856602904,0.10929810493279368,0.0549569054139486,0.08469217294004819,3.444444948081404,-45.57599398426726,9.362,100123305513W500
437,73.1047,0.19529403030589626,0.14267357466948352,0.062384004646245106,0.09653552836681364,3.172639805488999,-63.54158953421472,7.5505,100123306820W500
438,110.0589,0.2580080507795801,0.20413363176448032,0.08051263203123296,0.1217833916832583,2.6278378125250734,-43.9906796949025,8.0191,100123405407W500
439,11.6162,0.055030113490149524,0.0016,0.03852232366898062,0.0539,4.029280107344126,2.5614,9.7223,100123506118W500
440,13.5083,0.11921179846653127,0.0128,-0.024899265127119326,-0.0183,4.8196,2740.0466,200.5359,100123506318W500
441,52.014495627833654,0.16955123419377008,0.11354596893807548,0.058420047611888126,0.08829206039774529,3.3696743124239017,-35.283781648349645,9.075,100123506419W500
442,146.7729,0.12784726945073238,0.0738,-0.00793163778296873,0.0014,3.7966,2719.8115,220.4513,100123606419W500
443,28.766,0.020126749230018504,0.0027,0.22693631887660706,0.246,3.960205507840498,2.3283,8.8353,100130806320W500
444,44.380829666431694,0.168573677832824,0.07834728473991273,-0.020630570715648375,-0.0053,3.7214,2717.8611,145.4875,100132006502W600
445,52.3,0.1515,0.1096,0.092,0.1353,4.951192204482802,2.503,223.2051,100132007121W500
446,21.0786,0.1802085505853566,0.0728,-0.07297720944637043,-0.063,4.518055645324195,2724.4294,223.7426,100132106524W500
447,79.1424,0.14879349455431587,0.11709031067974948,0.031350540756205275,0.06670429692115121,3.8228196955333615,-158.26250730765253,11.560758003583217,100132306325W500
448,19.4243,0.05919188572769646,0.0054,0.21447860769324187,0.2145,4.975869989289522,2336.6987,269.2375,100132405522W500
449,168.3281,0.30961607215163645,0.27152136464944043,0.08048333957911469,0.13285143222217455,2.3513489664142955,-117.73183118842815,9.4979,100132503226W400
450,163.8598,0.31869838042393284,0.27449704500198213,0.08837307068875222,0.13993043568406116,2.211271132594951,-83.98917580073692,9.0849,100140103123W400
451,125.713,0.09997878183233236,0.0465,0.06336747458386638,0.0724,4.0781051846523475,2585.6721,217.5784,100140206310W500
452,19.2694,0.2213917673032123,0.1187,-0.017078256820782192,-0.008,3.7268,2743.0469,214.7431,100140206601W600
453,17.1562,0.13466171850818143,0.07103214283293571,0.05580565877927074,0.07916414012937716,3.5880572871233545,-0.6664204478682905,8.4078,100140306515W500
454,105.0458,0.172,0.108,0.14255497830164365,0.1558,3.904578552068016,2419.7502,230.0727,100140307021W500
455,153.5291,0.08142546845046317,0.0479,0.06758727154918781,0.0793,4.327094980941351,2574.4778,227.3431,100141006601W600
456,87.7397,0.32525416030962523,0.2315,0.059496888366152745,0.0872,2.9442,2571.2905,212.4889,100141103917W400
457,49.3918,0.1986883587927884,0.0946,-0.005988264198564144,0.0067,3.8167033881844614,2701.6035,199.4361,100141405626W400
458,1.4063,0.15527596768959093,0.07438585933709815,0.07680500875317198,0.09717880837364193,3.2467486599930857,107.85871832922851,9.0089,100141503621W400
459,181.7568,0.31261498779920655,0.2811709298992009,0.07642400854699066,0.13021288620046154,2.5730079984383707,49.678869730143674,35.671425025770716,100141606818W500
460,2.1442,0.05138823916751589,0.009979563367358502,0.013438984884960842,0.03377266638514721,4.518524758533947,-140.1423832060517,8.6521,100141705519W500
461,152.0855,0.28312420629517165,0.2448613986671299,0.07445493859480617,0.12261427472828693,2.748090471524603,74.24075118185294,34.2174914801016,100142004127W400
462,19.8006,0.1880222605478171,0.0808,-0.05540295310586994,-0.0439,4.450533386603158,2793.9973,221.2903,100142005315W500
463,15.6808,0.14652920743795694,0.0606,0.10059961083438691,0.1092,4.374657411741155,2523.2686,222.9248,100142006825W500
464,0.3359,-0.020986993942540055,-0.03629136840445099,-0.02946155504686144,-0.009590895211819842,5.390001116554256,-305.6813793177606,8.2803,100142103711W500
465,27.15,0.12036090804461082,0.0049,-0.03230807931985019,-0.0076,6.5351,2722.292,222.6484,100142306724W500
466,221.9531,0.3403227429275523,0.3227345846917814,0.07151448381937861,0.13313455417466252,2.4634082842727327,-41.593452085303284,33.8623528634928,100142904806W500
467,52.383053565504284,0.17377209739597513,0.11641132124094489,0.06075172397587883,0.09073102012003767,3.316821723503777,-31.033465099867385,8.531,100142906919W500
468,12.65,0.13810231564583392,0.07046114514277743,0.060306375995680214,0.08282611840776483,3.5179562940045073,21.580047972274883,8.1907,100143206412W500
469,10.9757,0.15962961131848966,0.0567,-0.005963523482579294,0.0019,4.432269865101163,2729.7021,218.258,100150106318W500
470,102.8206,0.23897142003126332,0.187880428388893,0.07286628564890354,0.1127335589360123,2.816594592150816,-64.18614608138148,7.8514,100150406512W500
471,0.0,0.04035278845584134,0.0085,0.000498154834580003,0.0245,4.925306369154226,2.6746,10.6113,100151004919W500
472,30.9644,0.1242050970689228,0.025709228988972946,-0.0833840456865538,-0.0788,4.700378392323854,2842.0415,223.6477,100152005416W500
473,67.70537089146218,0.3228102059512019,0.21865340751347237,0.14524680860803996,0.17536827815055533,1.9590971273061806,728.9968101561527,68.24509459213174,100152507708W500
474,289.0519,0.4217598827167999,0.4140293053078903,0.08509309946096708,0.15919724994073287,1.9138101216623555,-27.2856516448727,41.70137360839975,100152806721W500
475,68.7746965412049,0.22736050833962332,0.1534154741738898,-0.0094,0.026,2.885,2656.1453,128.6971608589473,100153208009W500
476,128.4708,0.1287,0.0863,0.02300840047429671,0.034,3.521,2640.0088,228.1923,100153504402W500
477,165.5464,0.04447431207222538,0.017,0.019299274203924875,0.0343,2.962952753030957,2.6537,7.6433,100153607812W500
478,97.0863,0.13100543662985176,0.0643,0.005553111139394273,0.018,4.334590196605556,2712.2322,218.8525,100160106122W500
479,64.49336445477458,0.2893881962014574,0.19584303706878095,0.12636185156300164,0.15635982999316245,2.2927534794114255,588.6437141654652,58.74186119785428,100160206625W500
480,130.5528,0.3669424155486953,0.2788,0.09253986513453027,0.1306,2.8409537648770584,2478.5188,206.7142,100160707808W500
481,6.5564,0.1317028845386376,0.06255259062612192,0.06060297056200761,0.08126437573212336,3.677444914270402,162.6051630363819,24.99466129851497,100160906212W500
482,11.3679,0.09949990115335185,0.0058,0.016386545922875757,0.0177,4.552202718164973,2676.8408,213.5847,100160906613W500
483,94.1006,0.0849891567568835,0.021,0.027327341342665894,0.0261,4.0343,2665.369,228.0095,100161103025W400
484,39.2438,0.2266522457700696,0.14180010991464487,0.09963881905165986,0.12739032989342036,2.5920735737771308,133.11240508939875,8.0303,100161108108W500
485,53.0563,0.16776548907631275,0.11338434640331183,0.056488040358758124,0.08678594682341252,3.389286925822272,-58.411405194801205,7.3687,100161306417W500
486,146.9438,0.20781048787168066,0.1575,0.11986094965113311,0.1433,3.7520887629127038,2464.9182,236.7004,100161406821W500
487,23.5205,0.11839446128167905,0.0189,-0.004340052735518726,0.0035,4.7185,2703.9929,197.3429,100161506319W500
488,2.5376,0.1335017141022583,0.06124268839593369,0.06392131842208965,0.08372336383749795,3.6407912143524586,193.37329512198733,26.585627511597536,100161603725W400
489,52.95248868801265,0.17996027371460513,0.12062611843455559,0.06419220901358427,0.09429231187594643,3.245022781571988,-18.15946378313936,8.5927,100161706919W500
490,43.9466,0.1539825096414171,0.09927569262549588,0.05305989272621334,0.08157923564735742,3.5064335813233214,-55.190551486834806,7.7767,100161906819W500
491,5.7504,0.18142020162982528,0.09333273206938111,0.09029542002716748,0.11155909714668824,2.9511476246155564,151.35726688597526,8.7298,100162005425W400
492,256.9925,0.34390254727406344,0.3464634821145428,0.05351530470172189,0.12280911244713029,2.455858041918373,-352.37657331638263,9.3201,100162104913W500
493,66.1938384506691,0.3070822013630868,0.2079191155394999,0.1363597699986103,0.16642312607648807,2.1161118812380595,662.9482943958366,63.77298475953084,100162703224W400
494,54.940162630357705,0.20166501258370106,0.13540473094566333,0.0762522851307049,0.10678814014594853,2.9913159784433043,24.80530792255388,8.5258,100162706309W500
495,30.7564,0.1994257481145846,0.1351,0.06204110987917927,0.095,3.3795545691968507,2.5086,9.3451,100162906116W500
496,29.490234661130003,0.2231674068935749,0.1698,0.24087597294733407,0.2355,2.7983,2382.4563,312.8777,100163406326W500
497,193.392,0.25750932610674493,0.2036,0.006419767042303182,0.0377,3.577507786403211,2646.4404,231.256,100163406826W500
498,50.0051,0.19889558545817262,0.1019,-0.014320732339803272,-0.0092,3.6305,2719.2722,229.8183,100163602923W400
499,14.8423,0.11582629841848308,0.0154,-0.024928358322306027,-0.0228,4.523911513218665,2734.3018,214.9931,100163606918W500
500,58.3679,0.24466376206130336,0.1645823761657446,0.10030469195026534,0.13167340769491825,2.491577010699655,115.57876856482847,9.0438,102052004217W400
501,48.93431364344589,0.1643974433969506,0.07022282123400737,-0.0442469073460942,-0.0335,4.399430259547604,2767.0171,221.6486,102061003805W500
502,16.4974,0.26588095380346816,0.1414,-0.01810453490583462,-0.0022,3.8457607179253985,2715.3811,221.9798,102061504515W400
503,43.04849795100746,0.06624713110757499,0.04355026968804662,0.00027699129171684933,0.029450484942333724,4.520400300820005,-348.4196031841001,-4.706197052173536,102061504716W500
504,215.26935407818235,0.2592,0.1992,-0.0188,0.0169,3.3908,2691.6699,196.2303,102071804513W400
505,107.229,0.16809070949796678,0.14630741289145574,0.027466167059470664,0.0681179250731242,3.698720391069381,-257.92637092288317,6.2455,102092304009W500
506,4.0144,0.2129681725578482,0.1328,-0.007383233287816149,0.0247,3.5729234564747623,2.6889,8.6105,102101106218W500
507,32.423,0.2031122815496551,0.0904,-0.028342581561033905,-0.0315,3.831184546292058,2.7512,230.33,102101403324W400
508,14.4156,0.16037571815882812,0.0904,-0.0046883332761378654,0.0222,3.7201149507409577,2.6853,8.7918,102102106218W500
509,17.0266,0.1055909300128062,0.0268,0.06878955231531976,0.07386163663628614,4.255108562091588,1516.952180805295,169.2193,102112204416W500
510,0.8553,0.17427391658480718,0.0643,-0.038026493125038634,-0.0289,4.484471294310905,2743.6013,215.0543,102142004709W500
511,14.651,0.29264115121447026,0.21913506484853598,0.3154360350122971,0.354,2.280113501135962,2.104,14.9786,106141105522W400
